doc_id,doc_title,department,doc_number,doc_date,source_url,sections.질의요지,sections.회답
350101-11390,1년 미만자의 연차휴가 사용촉진,정보 없음,정보 없음,정보 없음,https://www.law.go.kr/LSW/cgmExpcInfoP.do?cgmExpcSeq=11390,취업규칙에 1년 미만 연차휴가를 “입사한 다음해의 12.31.까지” 사용가능 하도록 규정한 경우에도 연차사용촉진이 가능한지?,"법 제61조 제2항은 “계속하여 근로한 기간이 1년 미만인 근로자의 제60조 제2항에 따른 유급휴가”를 연차 사용 촉진의 대상으로 규정하고 있으므로, 취업규칙 등 노사 합의로 법 제60조 제7항에 따른 연차휴가의 사용기간을 늘인 경우에도 “계속 하여 근로한 기간이 1년 미만인 근로자의 제60조 제2항에 따른 유급휴가”인 이상연 차 사용 촉진은 가능 * 제61조(연차 유급휴가의 사용 촉진) ② 사용자가 계속하여 근로한 기간이 1년 미만인 근로자의 제 60조 제2항에 따른 유급휴가의 사용을 촉진하기 위하여 (이하 생략) 1. 최초 1년의 근로기간이 끝나기 3개월 전을 기준으로 10일 이내에 사용자가 근로자별로 사용하지 아니한 휴가 일수를 알려주고, 근로자가 그 사용 시기를 정하여 사용자에게 통 보하도록 서면으로 촉구할 것. (단서생략) 2. 제1호에 따른 촉구에도 불구하고 근로자가 촉구를 받은 때부터 10일 이내에 사용하 지 아니한 휴가의 전부 또는 일부의 사용 시기를 정하여 사용자에게 통보하지 아니하 면 최초 1년의 근로기간이 끝나기 1개월 전까지 사용자가 사용하지 아니한 휴가의 사용 시기를 정하여 근로자에게 서면으로 통보할 것. (단서생략) 한편, 법 제61조 제2항은 “최초 1년의 근로기간이 끝나는 날”을 기준으로 이전 3개월(또 는 1개월) 전 사용 촉진을 하도록 규정하고 있으므로, - 취업규칙 등 노사 합의에 따라 사용기간이 연장되었더라도, “최초 1년의 근로기간이 끝나는 날”을 기준으로 사용 촉진을 해야 함 - 즉, 노사 합의로 1년 미만 연차휴가의 사용기간을 연장하였다고 하더라도 “입사한 다음 해의 12.31.”을 기준으로 사용 촉진하거나, - “최초 1년의 근로기간이 끝나는 날”을 기준으로 사용 촉진하면서 휴가 사용 시기를 최초 1년의 근로기간이 끝나는 날 이후부터 입사한 다음해의 12.31. 사이에 지정하는 것은 허용되지 않음"
350101-11450,1일 10시간씩 주5일 근무하는 회사에서 유급휴일인 토요일과 일요일에 15시간씩 근로케 할 경우 근기법 제52조의 연장근로 해당여부 및 근기법 위반 여부,고용노동부,근기 68207-3125,2002.10.28,https://www.law.go.kr/LSW/cgmExpcInfoP.do?cgmExpcSeq=11450,"○ 주 5일 근로를 하는 회사 (토, 일요일은 유급휴일)의 생산직 근로자가 월요일부터 금요일까지 5일 동안은 근로시간이 각각 10시간이고, 토요일 일요일은 각각 15시간씩 근로하였을 때, 사업주는 근로에 대해 연장 및 휴일근로수당 등을 지급함. 이러한 상황일 때, 근로기준법 제49조 위반에 해당되는지 갑설) 기존의 행정해석 (근기68207-2855, 2000. 9. 19)에 따라 연장근로시간에는 휴일 근로시간이 포함되지 아니하므로 회사의 실 근로시간은 1주에 50시간(월～금)이므로 근로기준법 위반이 아님 을설) 근로자가 일한 1주의 근로시간이 토요일과 일요일을 포함하여 80시간이므로 제49조제1항 위반임.","○ 질의내용이 불분명하여 정확한 답변이 곤란하나, 주5일 근무제를 채택한 경우 주휴일을 제외한 나머지 휴무일에 대하여 휴일로 한다는 명시적인 약정이 없는 한, 휴무일에 근로한 것은 휴일근로가 아닌 통상의 근로에 해당됨. 그러나 노사당사자간에 휴무하는 토요일을 휴일로 한다는 명시적이 약정이 있는 경우라면 그 날에 근로한 것은 휴일근로에 해당됨. ○ 휴일에 1일 법정근로시간인 8시간을 초과한 경우에는 그 초과된 시간에 대하여 휴일근로가산수당 외에 연장근로수당도 지급해야 하며, 이 경우 그 초과된 시간은 근로기준법 제52조제1항에 의한 연장근로시간에 포함된다고 사료됨."
350101-11684,1년간 8할미만 출근자 연차유급휴가 사용촉진의 대상 여부,고용노동부,근로기준정책과-3084,2015.7.13,https://www.law.go.kr/LSW/cgmExpcInfoP.do?cgmExpcSeq=11684,「근로기준법」 제60조제2항에 따라 계속근로기간이 1년 미만인 경우 및 1년간 80퍼센트 미만 출근한 경우 부여되는 연차휴가에 대하여 연차유급휴가 사용 촉진이 가능한지 여부,"「근로기준법」 제61조에 따라 사용자가 근로자에게 미사용 연차유급휴가 일수를 알려주어 근로자가 그 사용시기를 지정하여 사용자에게 통보하도록 서면으로 촉구하고, 근로자가 휴가 사용시기를 정하여 사용자에게 통보하지 아니한 경우 사용자가 미사용 휴가의 사용시기를 정하여 근로자에게 서면으로 통보하는 등 연차유급휴가 사용촉진 조치를 통하여 미사용 휴가에 대한 보상의무를 면하도록 규정하고 있음. 이와 관련 연차 유급휴가 사용촉진은 근로자의 정신적ㆍ육체적 휴양의 기회를 제공하고 문화적 생활의 향상을 기하려는 연차휴가제도의 본래 취지대로 휴가사용이 실질적으로 이루어지도록 하기 위한 것으로서, - 연차 유급휴가의 사용촉진을 규정하고 있는 「근로기준법」 제61조는 동법 제60조 제1항ㆍ제3항 및 제4항에 따른 유급휴가에 적용되므로 같은 법 제60조제2항에 의한 계속근로년수가 1년 미만인 근로자 또는 1년간 80퍼센트 미만 출근한 근로자에게 부여되는 연차유급휴가에는 동 조항이 적용되지 않음. 따라서 제60조 제2항에 의하여 부여되는 연차유급휴가에 대하여는 사용촉진 대상으로 보기는 어려울 것임."
350101-12454,1일 안전교육 참가시 당일 임금을 교육비로 지급여부,고용노동부,산안건안) 68307-10488,2002.11.9,https://www.law.go.kr/LSW/cgmExpcInfoP.do?cgmExpcSeq=12454,"○ 당 현장은 조선소내 기계설비(크레인조립) 공사를 수행하는 현장으로서 발주자(○○중공업) 사업장내 자체안전교육(발주자 안전교육장내)에 당 현장내 작업근로자가 안전교육참석시(1인당 8만원지급) 안전교육비를 안전관리비로 사용하고자 하는 바, 집행이 가능한지","○ 건설업산업안전보건관리비계상및사용기준(노동부고시 제2002-15호, 2002. 7. 22) 별표 2「안전관리비 항목별 사용내역 및 기준」항목 5(안전보건교육비 및 행사비 등)에 의거 사업주가 소속 근로자를 대상으로 실시하는 안전보건교육과 관련하여 산업안전보건관리비로 사용이 가능한 항목은 교육실시를 위한 외부강사 초빙료, 교육용 교재비, 교육을 위한 이동시 소요비용, 교육시 지급하는 음료비 등임 ○ 따라서, 귀 질의의 경우도 안전교육에 참여하는 근로자의 출장비 등은 안전관리비로 사용이 가능하나 교육참여 근로자에 대한 임금보전의 수단으로 지급하는 비용은 안전관리비로 사용이 불가함. 또한, 사내안전보건교육은 근로자정기교육, 신규채용시교육, 특별안전교육, 작업내용변경시 교육을 말함"
350101-12548,2개 회사 통합으로 1사 2노조가 된 경우 노사협의회 설치방법(Ⅱ),고용노동부,노사협력정책과-3999,2009.11.17,https://www.law.go.kr/LSW/cgmExpcInfoP.do?cgmExpcSeq=12548,"● A, B 2개 회사가 통합한 회사로 B회사는 기존에 노조(통합 이전 B회사일 당시 과반수 노조이었으나 통합이후 과반수 미만 노조가 됨)가 조직되어 있어 통합 이후 새로운 노사협의회 설치절차 없이 단체협약에 따라 B회사 노조 집행부를 중심으로 한 노사협의회가 지속 운영되고 있음 ● 통합이후 A회사 근로자를 중심으로 A노조가 새로이 설립되었고(행정법원에서 복수노조가 아닌 것으로 판결) A노조는 과반수 노조가 된 직후 6명의 노사협의회 근로자위원을 위촉하였다고 회사측에 통보하였고, 회사측도 사용자위원을 위촉 통보하였음 ● 그러나 A노조와 노사협의회 운영규정 제정 및 노동부 신고 절차는 이루어지지 않았고, A노조는 근로자위원을 위촉한 직후 과반수 미만노조가 된 경우(A노조와의 단체협약에도 B노조와 동일한 내용의 노사협의회 설치 관련 규정이 있음) 노사협의회 설치방법은?","○ 귀하의 09.10.09 및 10.12.자 질의에 대하여 회시한 바와 같이 2개 회사(A와 B회사)의 통합으로 인하여 하나의 노사협의회를 설치하여야 하는 경우, 근로자 과반수로 조직된 노조가 노사협의회 근로자위원을 위촉하고 사용자에게 통보하자 이에 대응하여 사용자측에서 사용자위원을 위촉하여 통보하였다면 그 후에 노조가 조합원 감소로 과반수에 미달하였다 하더라도 일응 적법하게 노사협의회가 설치된 것으로 인정할 수 있을 것임 ○ 다만, 이때 금번 질의의 내용대로 통합전 B회사와 B노조간에 노사협의회를 설치ㆍ운영하여 왔고 통합 이후에도 운영하여 왔다면 이 B노조와의 노사협의회가 통합 이후에 적법한 절차에 의하여 전체근로자를 대표하는 노사협의회로서 인정받았는지 여부에 따라 위 항의 노사협의회(과반수노조와의 노사협의회)의 적법성 여부를 판단하여야 할 것이고, 만일 B노조와 설치한 노사협의회가 전체근로자를 대표하는 노사협의회로 적법하게 인정받지 못했다면 B노조와의 단체협약에 따라 임의적인 노사협의기구로 계속 운영한다 할 지라도 「근로자참여 및 협력증진에 관한 법률」에서 정한 노사협의회로 볼 수 없을 것이며 이 노사협의회에서 협의ㆍ의결된 사항은 동 법에 의한 보호를 받지 못할 것임 ○ 아울러, 노사협의회를 운영하는 목적은 근로자와 사용자가 참여와 협력을 통하여 노사공동의 이익을 증진함에 있다는 점을 감안하여 사용자와 AㆍB 노조가 협의하여 가급적 전체근로자의 의사를 대표할 수 있는 노사협의회를 구성ㆍ운영하는 방안을 강구함도 더욱 바람직할 것으로 사료됨"
350101-12574,1년 미만 근무한 근로자가 연차유급휴가를 사용하지 않고 퇴사한 경우 연차유급휴가 미사용수당을 지급하여야 하는지,고용노동부,임금근로시간정책팀-119,2007.1.9,https://www.law.go.kr/LSW/cgmExpcInfoP.do?cgmExpcSeq=12574,1년 미만으로 근무한 자가 연차유급휴가를 사용하지 않고 퇴사한 경우 연차유급휴가 미사용수당을 지급하여야 하는지 ?(만약 지급한다면 매월 1일 기준으로 만 6개월 근무 후 퇴사하였을 경우 6일치 연차수당을 지급하여야 하는지) 1년 이상 2년 미만으로 근무한 자가 연차유급휴가를 사용하지 않고 퇴사한 경우 1년치(15일분)의 연차유급휴가 미사용수당만 지급하면 되는지 아니면 나머지 근무기간도 산정하여 지급해야 하는지?,"「근로기준법」 제60조제2항에 의하면 계속근로연수가 1년 미만인 근로자에 대하여 1월간 개근 시 1일의 연차유급휴가를 주도록 규정하고 있으며, 같은 조 제7항에 의하면 동 휴가는 1년간 행사하지 아니한 때에는 소멸하도록 규정하고 있음. - 이와 같이 동 휴가를 사용하지 않고 시효가 완성된 경우나 중간에 퇴직한 경우에는 해당 미사용휴가일수에 상응하는 임금을 통상임금 수준 이상으로 보상하여야 할 것으로 판단됨. 아울러, 1년 이상 근로한 자에 대하여는 「근로기준법」 제60조제2항의 규정이 적용되지 않으므로 1년 이상 2년 미만 근무한 자의 경우 1년을 초과한 기간에 대하여는 당사자 간 특별한 약정이 있는 경우를 제외하고는 연차유급휴가를 부여할 의무가 없다고 사료됨."
350101-12776,"1년을 초과하는 근로계약의 위법여부, 기간이 정함이 있는 계약이 반복되는 경우의 효력",고용노동부,근기 68207-894,1997.7.8,https://www.law.go.kr/LSW/cgmExpcInfoP.do?cgmExpcSeq=12776,○ 계약기간을 1년이상으로 한 근로계약을 체결할 경우 근로기준법 제115조에 의한 처벌대상이 되는지? 만일 고용계약서상에 1년을 초과하는 계약기간을 정하고(예：3년) 근로자가 일방적으로 해지할 수 있다는 조항을 갖춘 때에는 제115조에 저촉되는지? ○ 기간이 정함이 있는 계약이 반복되는 경우의 효력은?,"○귀 질의서상의 “상근직원”의 의미에 관하여는 근로기준법으로 규정하고 있지 않으며, 개별 사업장의 취업규칙 등에 “상근직원”에 대하여 규정하고 있다면 그 개념에 관하여도 취업규칙으로 정하여야 할 것임. ○다만, 1명의 근로자가 동시에 2개 이상의 사업장에 상태적으로 근무하더라도 그 각각의 사업(장)에서 근로기준법상 근로자의 지위가 부인되는 것은 아니라고 할 것임."
350101-12844,10. 표창과 제재에 관한 사항 11. 기타 당해 사업 또는 사업장의 근로자 전체에 적용될 사항 요점 지역의료보험조합운영규정이 취업규칙에 해당하는지 여부,고용노동부,근기 68207-1886,1995.11.21,https://www.law.go.kr/LSW/cgmExpcInfoP.do?cgmExpcSeq=12844,"○ 지역의료보험조합의 경우 의료보험법시행령 제51조의 정함에 따라“지역의료보험조합운영규정”에 의거 조합의 직제ㆍ인사ㆍ보수ㆍ여비ㆍ재무회계ㆍ복무 등 제반사항을 이 규정에 의하도록 규정하고 있어 근로기준법이 정한 별도의 취업규칙이 없을 뿐만 아니라 이 규정으로 취업규칙에 갈음하고 있음. ○ 이 규정은 의료보험법시행령 제51조에 의거 보건복지부장관이 개정할 수 있고 지역의료보험조합 대표이사는 동규정의 변경 또는 개정에 관하여 어떠한 권한도 없으며 오직 동 규정에 따라 업무를 수행할 의무만 규정되어 있음. 이 경우 노동조합의 의견이나 동의없이 동 규정이 보건복지부예규에 의해 변경되었는 바, 다음사항을 질의함. - 의료보험조합의 대표이사가 국민연금업무를 직원에게 부여함이 근로기준법 제95조(신법 제97조) 위반의 주체가 되는지 여부와 - 국민연금업무를 수행하는 직원에게는 업무위탁계약에 의거 별도의 수당을 지급하고 있는 바, 이것이 근로자에게 불이익한 취업규칙의 변경에 해당하는지?","○ 근로기준법상 근로자라 함은 직업의 종류를 불문하고 사업 또는 사업장에 임금을 목적으로 근로를 제공하는 자를 말함. ○ 당해 사안의 경우 구체적인 사실관계가 확인되지 아니하여 정확한 답변이 곤란하나, 귀 질의내용 및 계약서 내용 중 다음과 같은 점으로 보아 근로기준법상의 근로자로 봄이 타당하다고 사료됨. - 근무장소를 자택으로 지정하는 근로계약을 체결하여 출.퇴근 의무는 없으나 사용자에 의하여 근무시간이 지정되고 이에 구속되는 점 - 업무수행에 필요한 시설과 장비를 제공받고 소정근로시간에 대한 기본급을 시간급 임금으로 지급하는 점 - 근무를 소홀히 하는 경우 경고처분 등 징계조치 및 근로계약을 즉시 해지하는 점 - 회사의 인사규정을 적용하고, 필요한 경우 근무형태의 변경이 가능한 점"
350101-12894,1년 동안 단체협약을 체결하지 못하였으나 다른 노동조합의 교섭요구가 없는 경우 교섭대표노동조합의 지위 유지 여부,고용노동부,노사관계법제과-2344,2013.9.5,https://www.law.go.kr/LSW/cgmExpcInfoP.do?cgmExpcSeq=12894,"교섭대표노동조합으로 결정된 후 1년 동안 단체협약을 체결하지 못하였으나, 어느 노동조합도 교섭요구를 하지 않아 계속 교섭을 진행 후 단체협약을 체결함. - 이러한 경우 교섭대표노동조합의 지위유지기간은 어떻게 되는지","1. 「노동조합 및 노동관계조정법」 시행령 제14조의10 제3항은 교섭대표노동조합으로 결정된 날부터 1년 동안 단체협약을 체결하지 못한 경우에는 어느 노동조합이든지 사용자에게 교섭을 요구할 수 있다고 규정하고 있음. - 귀 질의의 구체적인 사실관계를 확인할 수 없어 정확한 답변을 드리기는 어려우나, 어느 노동조합도 교섭요구가 없는 상태에서 단체협약(임금협약 포함)을 체결하였다면 그 단체협약의 효력발생일로부터 2년간 교섭대표노동조합의 지위를 유지한다 할 것임."
350101-12980,10인 미만의 사업장에서 취업규칙을 불이익하게 변경하는 경우에도 근로자의 집단적 동의를 얻어야 하는지,고용노동부,근기 68207-1980,2001.6.19,https://www.law.go.kr/LSW/cgmExpcInfoP.do?cgmExpcSeq=12980,"○ 90세대 1개동의 작은 아파트 주민 대표자로서 당 아파트는 주민자치관리를 하는 중임. ○ 최근 17년전에 마련한 아파트 관리규약을 현실에 맞게 주민 85%의 절대다수의 동의를 얻고 대표회의에서 적법하게 개정을 하고 유명무실한 1쪽 분량의 취업규칙 내용이 있어 대표회의에서 전면 개정하였음 ○ 아파트관리실 종사자 6명이 있는데 이들에게 불이익 사항을 신설(연령정년제 도입 등)하려면 동의가 필요하다고 하여 비록 사후이나마 공정하게 자유의사에 의하여 찬.반 의사를 물어본 바 6명중 찬성4명, 반대 1명, 기권 1명으로 사실상 동의를 얻었음 ○ 이런 경우 위의 취업규칙의 효력은 정당한지, 아니면 근로자 1명의 반대의사에 의해서라도 전체주민에 의하여 마련한 자치법규는 무효가 되는지","○ 근로기준법 제96조에 의해 상시 10인이상의 근로자를 사용하는 사용자는 취업규칙을 작성하여 노동부에 신고해야 함. - 귀 질의상 불분명하나 6명의 근로자를 사용하고 있는 경우 취업규칙의 작성, 신고의무는 없으나 취업규칙을 작성하고 동 취업규칙으로 근로조건의 전부 또는 일부를 규율하고 있다면 근로조건의 저하를 초래하는 취업규칙의 불이익변경을 위해서는 근로자의 동의를 얻어야 하는 바, 근로자 과반수로 조직된 노동조합이 있는 경우에는 그 노동 조합, 없는 경우에는 근로자 과반수의 동의를 얻어야 할 것임 - 귀 질의와 같이 6명중 4명이 동의했다면 과반수의 동의를 얻은 것으로 볼 수 있음. 다만, 변경된 취업규칙이 유효하기 위해서는 이외에도 근로기준법 등 관계법령 및 단체협약이 있는 경우 단체협약에 저촉되지 않아야 함"
350101-12998,1월단위의 탄력적근로시간제 도입 시 그 단위기간이 반드시 2주 이상 1월 이내이어야 하는지,고용노동부,근기 68207-1542,2001.5.12,https://www.law.go.kr/LSW/cgmExpcInfoP.do?cgmExpcSeq=12998,"노사 서면합의에 의해 1월단위 탄력적근로시간제를 도입함에 있어서 일부 근로자 집단은 단위기간을 21일, 일부근로자 집단은 단위기간을 6일로 정함. 1월단위 탄력적근로시간제는 그 단위기간이 반드시 2주 이상 1월 이내로 정해야하는지 ?","탄력적근로시간제를 규정하고 있는 「근로기준법」 제50조[현 「근로기준법」 제51조]에서 제1항에 의한 2주이내의 단위기간을 정한 경우와 제2항에 의한 1월 이내의 단위 기간을 정한 경우는 각각 별개의 것으로 보아야 할 것임. 따라서, 1월 이내의 단위기간을 정하고 동조 제2항에 의한 다른 요건도 모두 갖춘 경우라면 동조 제2항에 의한 탄력적 근로시간제를 도입한 것으로 볼 수 있으며, 그 단위기간이 반드시 2주 이상 1월 이내일 필요는 없다고 사료됨. 또한, 이 경우 그 단위기간이 2주 이내의 기간이라 하더라도 동조 제2항에 의해 규율되기 때문에 특정일의 근로시간은 12시간을 초과할 수 없을 것임"
350101-13022,"1년을 초과하는 근로계약의 위법 여부, 기간의 정함이 있는 계약이 반복되는 경우의 효력",고용노동부,근기 68207 - 894,1997.7.8,https://www.law.go.kr/LSW/cgmExpcInfoP.do?cgmExpcSeq=13022,○ 질의 1) 계약기간을 1년이상으로 한 근로계약을 체결할 경우 근로기준법 제115조에 의한 처벌대상이 되는지? 만일 고용계약서상에 1년을 초과하여 계약기간을 정하고(예 : 3년) 근로자가 일방적으로 해지할 수 있다는 조항을 갖춘 때에는 제115조에 저촉되는지? ○ 질의 2) 기간이 정함이 있는 계약이 반복되는 경우의 효력은?,"○ 질의 1)에 대하여 가. 근로기준법 제23조는 “근로계약은 기간의 정함이 없는 것과 일정한 사업완료에 필요한 기간을 정한 것을 제외하고는 그 기간은 1년을 초과하지 못한다”고 규정하고 있음 나. 따라서 기간의 정함이 없는 것과 일정한 사업완료에 필요한 기간을 정한 근로계약 이외의 근로계약으로서 1년을 초과하는 기간을 정한 경우, 그 기간에 대해 계약으로서의 효력이 인정되는지 여부는 별론으로 하고 계약체결 그 자체로 일단 근로기준법 제23조의 위반문제가 발생한다고 할 것임 다. 다만, 동 규정의 취지가 장기간의 근로기간을 정함으로써 근로자가 퇴직의 자유를 제한당하여 장기간 근로의 계속을 강요하는 것을 방지하자는데 있다고 할 것이므로, 귀 질의와 같이 1년을 초과하는 근로계약을 정하더라도 1년을 초과하는 시점에서부터 근로자가 일방적으로 해지할 수 있다는 규정을 명시적으로 포함한다면 이 경우까지 근로기준법 제23조 위반으로 보기는 어려울 것으로 사료됨 ○ 질의 2)에 대하여 가. 기간의 정함이 있는 근로계약의 경우, 당사자 사이의 근로관계는 그 기간이 만료되면 사용자의 해고 등 별도의 조치없이 당연히 종료되는 것이 원칙임 나. 다만, 기간의 정함이 있는 근로계약이라도 그 기간의 갱신이 “수차례 반복”되어 그 정한 기간이 단지 형식에 불과한 경우에는 사실상 기간의 정함이 없는 근로계약과 다를 바가 없다 할 것이므로, 사용자가 정당한 사유없이 계약의 갱신을 거부한다면 법률상 해고와 마찬가지로 취급될 수 있다 할 것임 다. 이 경우 몇차례 반복될 때 사실상 기간의 정함이 없는 근로계약과 다를 바가 없게 되는지에 대하여는 일률적으로 규정하기 어렵다 할 것이므로, 이에 관해서는 계약이 수차 반복됨에 따라 근로자가 갖게 되는 기대심리, 당해 사업장의 계약관행, 여타 기간의 정함이 있는 근로자의 고용관계 등을 종합적으로 고려하여 판단하여야 할 사항이라고 사료됨"
350101-13036,1년 미만 단기계약근로자에 대한 휴일.휴가제도의 적용방법,고용노동부,근로기준과-1186,2005.3.3,https://www.law.go.kr/LSW/cgmExpcInfoP.do?cgmExpcSeq=13036,"○질의1)유급일이 토요일 일때 유급인정 시간은 4시간(0.5공수) 또는 8시간(1.0공수)인지 주휴수당 및 월차수당 부여 요건을 충족한 경우 만약 주휴수당을 부여해야 할 날 직전일에 근로관계가 종료된 때와 유급휴가청구권 발생일 근로관계가 종료되었다면 주휴수당 및 월차유급휴가 부여해야 하는지? ○질의2)유, 무급일이 토요일 일때 근무시 휴일근로수당으로만 처리하는지 예) 2004년 12월 25일(제20조 제3항), 2005년 1월 1일(제20조 제2항) (단, 토요일 오전근무 0.75공수(6시간 적용함), 오전, 오후 근무시 1.5공수(12시간 적용함)를 적용할 때 협약과 법 위반여부 ○질의3)매월 소정의 근로일수를 개근하여 월차휴가를 얻은 근로자가 월차휴가를 사용할 때 평일에 사용하면 8시간(1.0공수) 유급으로 지급하는데, 만약 토요일에 월차 휴가를 사용할 때 8시간(1.공수) 또는 4시간(0.5공수) 어느 것을 지급하는지? 만약에 4시간(0.5공수)만 월차수당을 지그할 때 협약과 법 위반여부 그리고 만약에 4시간(0.5공수)을 지급한다면 추가로 다음에 4시간(0.5공수)을 지급해야 하는지? ○질의4)일급제 기간근로자 여성 노조원에게 유급 생리휴가를 지급시 소정근무 경과 기간규정은 있는지? ○질의5)청원휴가 기간과 주휴일, 제20조 유급시간과 중복될 때 휴가기간이 중복된 기간만큼 연장되는지? 청원휴가 기간과 주휴일, 제20조 유급시간과 중복될 때 휴가기간이 중복된 기간만큼 연장되지 않을 때 주휴일, 유급수당과 청원휴가수당을 중복하여 지급해야 하는지?","○ 기간의 정함이 있는 근로계약의 경우 당사자 사이의 근로관계는 그 기간이 만료되면 사용자의 해고 등 별도의 조치없이 당연히 종료되는 것이 원칙임. 다만 기간의 정함이 있는 근로계약이라고 할지라도 동 기간을 정한 근로계약이 수 차례에 걸쳐 반복, 갱신됨으로써 그 정한 기간이 단지 형식에 불과하게 된 경우에는 사실상 기간의 정함이 없는 근로계약으로 전환된다고 할 것임. ○ 따라서 귀 질의와 같이 근로계약상으로는 계약기간이 5년을 초과할 수 없도록 하고 있으나 실제로는 1년 이내의 근로계약을 체결하고, 고과평정 등을 통해 매년 재계약을 반복하는 경우에는 사실상 기간의 정함이 없는 근로계약이 될 것임. 이경우 사용자가 정당한 사유없이 계약갱신을 거절한다면 근로기준법 제30조제1항이 적용되어야 할 것임."
350101-13086,"(1) 통역사가 「기간제 및 단시간근로자 보호 등에 관한 법률」 (이하 ‘기간제법’) 시행령 제3조제3항제5호의 한국표준직업분류 대분류 1(개정 전 대분류 0)과 대분류 2(개정 전 대분류 1) 직업에 해당하는지 여부, (2) 통역사가 계약 기간 2년 중 출산휴가와 육아휴직을 사용한 경우에 기간제법 시행령 제3조 제3항제5호의 최근 2년간 연평균근로소득 산정시 출산휴가육아휴직기간과 동기간 중 임금을 포함해야 하는지 여부",고용노동부,고용차별개선과-296,2012.2.13,https://www.law.go.kr/LSW/cgmExpcInfoP.do?cgmExpcSeq=13086,"(1) 통역사가 「기간제 및 단시간근로자 보호 등에 관한 법률」 (이하 ‘기간제법’) 시행령 제3조제3항제5호의 한국표준직업분류 대분류 1(개정 전 대분류 0)과 대분류 2(개정 전 대분류 1) 직업에 해당하는지 여부, (2) 통역사가 계약 기간 2년 중 출산휴가와 육아휴직을 사용한 경우에 기간제법 시행령 제3조 제3항제5호의 최근 2년간 연평균근로소득 산정시 출산휴가육아휴직기간과 동기간 중 임금을 포함해야 하는지 여부","기간제법 시행령 제3조제3항제5호에 따르면 “ 「통계법」 제22조에 따라 고시한 한국표준직업분류의 대분류 1과 대분류 2 직업에 종사하는 자의 「소득세법」 제20조제1항에 따른 근로소득(최근 2년간의 연평균근로소득을 말한다)이 고용노동부장관이 최근 조사한 고용형태별근로실태조사의 한국표준직업분류 대분류 2 직업에 종사하는 자의 근로소득 상위 100분의 25에 해당하는 경우”에는 2년을 초과하여 기간제근로자를 사용할 수 있음 (1) 한국표준직업분류를 살펴보면 대분류 2 직업의 통역가(28130)는 사용하는 언어가 서로 다른 사람들 사이에서 순조로운 의사소통을 가능하도록 대화내용을 상대방 언어로 전환?표현하여 전달해주는 자를 의미하므로 귀 질의의 경우 통역사가 담당하는 업무내용이 위 통역가(28130)에 해당하는 경우에는 한국표준직업분류 대분류 2직업에 종사하는 것으로 볼 수 있음 (2) 「소득세법」 제20조제1항에 따른 근로소득의 범위에 출산휴가 및 육아휴직 기간과 동 기간 중 지급받은 급여가 포함되고, 기간제법 시행령 제3조제3항제5호에서 직접 “「소득세법」 제20조제1항에 따른 근로소득”을 소득산정 기준으로 명시하고 있으므로 출산휴가 및 육아휴직기간과 동 기간 중 지급받은 급여를 포함하여 최근 2년간 연평균근로소득을 산정하여야 할 것으로 보임"
350101-13156,2개 이상 노조가 조직되어 있는 경우 조합원수 산정 시점과 방법,고용노동부,노사관계법제과-649,2010.9.3,https://www.law.go.kr/LSW/cgmExpcInfoP.do?cgmExpcSeq=13156,"1. 노동조합 현황 구분 A노조 B노조 설립연도 1962년도 2010. 4월 조합원수 법인전환 전 150명 - 법인전환 후 68명 228명 ※ A노조는 단체협약 유효기간 2010.3.10. B노조는 단체협약 없음. 2. 하나의 사업장에 2개 이상의 노동조합이 조직되어 있는 경우 각 노동조합의 조 합원수를 합하여 전체 조합원 규모에 따라 노사가 근로시간면제 한도 범위 내에서 면제 시간 총량을 정하여야 하는 바, 조합원수 산정시점은 언제로 하여야 하는지 3. 2개의 노동조합과 각각 근로시간면제 한도를 결정하여야 하는지, 아니면 전체 조합원수에 따라 한도를 결정하여야 하는지","1. 노조법 제24조 제4항 및 같은 법 시행령 제11조의2에 따라 근로시간면제 한도적용을 위한 조합원 규모 산정은 사업 또는 사업장별 기준이므로, 하나의 사업(장)에 2개 이상의 노조가 조직되어 있는 경우 각 노조별 근로시간면제 시간 및 인원 배분은 사업(장)내 전체 조합원수를 기준으로 노사간에 정한 총량 한도(시간 및 인원) 범위 내에서 노조간에 자율적으로 정하되, 조합원수ㆍ업무 등을 고려하여 노조간 적정하게 배분하여야 할 것임. - 이때, 전체 노동조합의 조합원 규모는 고용노동부 업무매뉴얼에 교섭시기가먼저 도래한 노동조합의 단체협약 만료일 이전 3개월이 되는 날을 기준으로산정토록 하였으나 이는 노사간의 분쟁을 줄이기 위해 해당 사업장에서 면제한도 적용을 위한 교섭을 실시할 때 그 기준 시점을 예시한 것으로 노사.노노간 협의를 통해 달리 정하는 것도 가능할 것임. 2. 귀 사업(장)의 경우 근로시간면제제도가 시행되는 시점인 2010. 7. 1. 당시 이미 2개의 노조가 있었고,양 노조 모두 단체협약이 체결되지 않아 새로운 단체협약을 체결하여야 하는 상태에 있었으므로 2010. 7. 1. 이후에 적용될 근로시간면제한도의 산정 및 노조별 배분은 동 제도가 시행된 2010. 7. 1. 기준으로 하는 것이 근로시간면제제도를 통한 노동조합 활동을 실질적이고 공정하게 보호하는 가장 합리적인 방안이라고 사료됨."
350101-14920,1년간 정년연장하는 조합원의 자격유지 여부,고용노동부,퇴직연금복지과-795,2008.12.29,https://www.law.go.kr/LSW/cgmExpcInfoP.do?cgmExpcSeq=14920,"단체협약상 조합원의 정년이 만 58세이고, 1년간 정년연장제도를 시행중인 바, 이 경우 1년간 정년연장하는 조합원의 경우 조합원 자격을 유지할 수 있는지","우리사주조합원은 근로자복지기본법 제2조(현행 제2조)에 따라 직업의 종류를 불문하고 임금ㆍ급료ㆍ그 밖에 이에 준하는 수입에 의하여 생활하는 자를 말하는 바, 정년연장제도에 따라 정년이 연장되는 경우 근로기간의 단절이 없었다면 조합원 자격을 유지할 것으로 판단됨."
350101-15016,2개 현장에 선임된 안전관리자 인건비 정산 방법,고용노동부,산안(건안) 68307-250,2003.8.20,https://www.law.go.kr/LSW/cgmExpcInfoP.do?cgmExpcSeq=15016,"산업안전보건법 시행령 제12조 제4항(제1항의 규정에 불구하고 동일읍 ㆍ면ㆍ 동 지역 안에서 동일 사업주가 경영하는 2 이상의 사업장에는 공동으로 1인의 안전관리자를 둘 수 있다. 이 경우 이들 사업장의 상시 근로자 수합계는 300인 이내 이어야 한다)에 의하여 동일읍, 면, 동지역 안에서 2개의 현장에 안전 관리자를 공동으로 1인 선임할 경우 안전관리자의 인건비를 안전관리비로 사용함에 있어서 어떠한 방법이 있는지 (갑설) - A 현장의 공사금액 40억원, B 현장의 공사금액 60억원일 경우 안전관리자의 인건비를 공사금액의 비율에 따라 각 현장별로 40%(A 현장) 및 60%(B 현장)로 나누어 사용함 (을설) - 두 현장 중 공사금액이 큰 현장의 안전관리비로 안전관리자의 인건비를 집행함 (병설) - 두 현장 각각 50%씩 부담함",동법 시행령 제12조 제2항에 의하면 건설업의 경우에는 공사금액 120억원(토목 공사의 경우 150억원) 이상이거나 상시 근로자 300인 이상을 사용하는 사업장은 안전관리 업무만을 전담하는 자격이 있는 안전관리자를 선임토록 규정되어 있으므로 귀질의 현장은 이에 해당하지 아니함 안전관리자의 무 선임 공사는 아니라 하더라도 동법 시행령별 표4(안전관리자의 자격)에서 정한 자격을 갖춘 자를 선임(동일한 광역자치단체 내에서 동일한 사업주가 행하는 3 이하의 공사현장에 대해 안전관리자를 공동으로 선임하는 경우를 포함한다)하여 지방노동관서에 보고하고 동안전 관리자가 안전관리 업무만을 전담하여 수행한다면 이때 지급하는 인건비는 산업안전보건관리비로 사용이 가능함 이 경우 2개 공사현장에 공동으로 선임된 안전관리자의 인건비는 공사현장의 공사비율을 고려하여 적절하게 배분하여 사용하면 될 것으로 사료됨
350101-15082,1월단위의 탄력적근로시간제 도입시 그 단위기간이 반드시 2주이상 1월이내이어야 하는지,고용노동부,근기 68207-1542,2001.5.12,https://www.law.go.kr/LSW/cgmExpcInfoP.do?cgmExpcSeq=15082,"○ 노사 서면합의에 의해 1월단위 탄력적근로시간제를 도입함에 있어서 일부 근로자집단은 단위기간을 21일, 일부근로자 집단은 단위기간을 6일로 정함 ○ 1월단위 탄력적근로시간제는 그 단위기간이 반드시 2주 이상 1월 이내로 정해야 하는지","탄력적근로시간제를 규정하고 있는 「근로기준법」 제50조[현 「근로기준법」 제51조]에서 제1항에 의한 2주이내의 단위기간을 정한 경우와 제2항에 의한 1월 이내의 단위 기간을 정한 경우는 각각 별개의 것으로 보아야 할 것임. 따라서, 1월 이내의 단위기간을 정하고 동조 제2항에 의한 다른 요건도 모두 갖춘 경우라면 동조 제2항에 의한 탄력적 근로시간제를 도입한 것으로 볼 수 있으며, 그 단위기간이 반드시 2주 이상 1월 이내일 필요는 없다고 사료됨. 또한, 이 경우 그 단위기간이 2주 이내의 기간이라 하더라도 동조 제2항에 의해 규율되기 때문에 특정일의 근로시간은 12시간을 초과할 수 없을 것임"
350101-15114,"24시간 격일제근로로 적용제외 승인을 받은 경우, 3일 연속 근무가 승인취소의 사유가 되는지",고용노동부,근기 68207-000,2003.7.3,https://www.law.go.kr/LSW/cgmExpcInfoP.do?cgmExpcSeq=15114,○ 최저임금위원회에서는 지난 28일 회의를 개최하여 서기2002년 9월 1일부터 2003년 8월 31일까지 적용될 최저임금을 결정하였음. 근로기준법 제61조(적용의 제외) 3호의 감시 또는 단속적으로 근로에 종사하는 사업체(아파트)의 근로자들의 최저임금 비적용 대상의 직종이 불명하여 다음과 같은 직종에 대하여 질의함. - 경비원 - 미화원(청소원) - 격일로 근무하는 전기 및 기관실 종사원 (해당 직종의 자격증이 없음) - 격일 근무하는 근로자(3항 종사자)가 3일연속 근무할 때(24시간×3일＝72시간) 근로기준법에 위배되지 않는지,"○ 근로기준법 제61조 제3호에 해당하는 감시.단속적근로자로서 노동부 장관에게 적용제외승인을 받은 자는 동법 제4장과 제5장에서 정한 근로시간, 휴게와 휴일에 관한 규정이 적용되지 않음. ○ 귀 질의 4)의 내용이 일부 불분명하여 정확한 답변이 곤란하나, 24시간 격일제 근로형태로 적용제외 승인을 받은 이후 일시적인 필요에 의하여 당사자의 합의하에 3일 연속 근무한 경우라면 근로형태의 변경으로 보기는 어려울 것이나, 상태적으로 3일 연속근무가 계속되는 경우라면 적용제외승인 취소사유에 해당하는 근로형태의 변경으로 볼 수 있다고 사료됨."
350101-15156,1년간 근속한 근로자가 연차유급휴가를 청구할 수 있는지 여부,고용노동부,근기 68207-2140,2000.7.18,https://www.law.go.kr/LSW/cgmExpcInfoP.do?cgmExpcSeq=15156,○ ’98. 8. 1～’99. 7.31까지 1년을 근로한 후 퇴직을 한 근로자가 연차유급휴가를 청구할 수 있는지 여부 ○ 위 경우 ’98. 8. 1～’99. 8. 1까지의 경우에는 연차유급휴가를 청구할 수 있는지 여부,"○ 근로기준법 제59조제1항에 의하면 사용자는 1년간 개근한 근로자에 대하여는 10일, 9할 이상 출근한 근로자에 대하여는 8일의 유급휴가를 주어야 함. ○ 그러나 귀 질의 퇴사자의 경우처럼 1년간 개근 또는 9할 이상 출근하였다 하더라도 1년 근로후 퇴직함으로써 휴가를 사용할 날이 하루도 없게 되는 경우에는 연차유급휴가청구권이 발생하지 아니하고 연차유급휴가근로수당 지급문제도 발생하지 아니함. - 다만, ’98. 8. 1～’99. 8. 1까지 근속한 경우에는 1일의 연차유급휴가근로수당을 지급함이 타당하다고 사료됨."
350101-15180,1년미만 근무자에게 지급한 퇴직금의 환수 여부,고용노동부,임금 68207-303,2002.4.26,https://www.law.go.kr/LSW/cgmExpcInfoP.do?cgmExpcSeq=15180,"○ 급여체계를 연봉제로 전환한 이후 퇴직금을 매월 중간정산하여 지급하였는 바, 1년 미만 근무자가 퇴직하였을 경우 동 퇴직자에게 중간정산하여 지급한 퇴직금을 반환 받을 수 있는지","○ 근로기준법 제34조제1항의 규정에 의하여 사용자는 계속근로년수 1년에 대하여 30일분 이상의 평균임금을 퇴직금으로서 퇴직하는 근로자에게 지급할 수 있는 제도를 설정하여야 하며, 계속근로년수가 1년 미만인 경우에는 그러하지 아니하도록 규정되어 있음. - 즉, 당해 근로자의 계속근로년수가 1년 미만인 경우 사용자는 퇴직금을 지급할 의무가 없는 것임. ○ 또한 같은 법 제42조제1항의 규정에 의하여 임금은 전액을 근로자에게 직접 지급하도록 임금의 전액.직접지급의 원칙을 규정하고 있음. ○ 귀 질의내용으로는 구체적인 사실관계를 확인할 수 없어 정확한 답변은 곤란하나, 만일 근로기준법의 규정에 의한 퇴직금 지급요건이 충족되지 않은 근로자에게 미리 퇴직금 명목의 금품(귀 질의상 중간정산 퇴직금)을 지급하였으나, 당해 근로자의 계속근로년수가 1년 미만이 되어 퇴직금 지급청구권이 발생되지 않은 경우라면 사용자는 그 금품에 대하여 반환을 요청할 수 있는 것으로 보아야 할 것임. ○ 이와 같이 사용자에게 지급의무가 없는 금품을 근로자에게 지급하였더라도 이를 임금에서 공제하는 경우에는 같은 법 제42조제1항의 규정에 의한 임금전액지급 원칙에 위배되는 것임. - 따라서 동 금품의 환수는 민사절차에 따라 당사자간에 해결하여야 할 것으로 사료됨."
350101-15196,24시간 격일제 근로자 연차유급휴가 사용 관련,고용노동부,근로개선정책과-4504,2012.9.7,https://www.law.go.kr/LSW/cgmExpcInfoP.do?cgmExpcSeq=15196,"◆ 고용노동부행정해석(근로기준과-2951, 2005.06.01. 참조)에 의하면 24시간 격 일제 근무를 채택하고 있는 사업장에서 근무일 다음의 휴무일은 전일의 근무를 전제로 주어지는 것이므로, 근로자가 1일의 연차유급휴가를 신청할 경우 사용자는 1일의 연차휴가를 신청한 근로자에게 비번일인 휴무일에 근무일의 근로시간의 절반에 해당하는 근로를 시킬 수 있다고 보아야 할 것임. 다만, 비번일인 휴무일에 반일근무를 시키는 것은 사용자의 권리에 해당하는 것으로 사용자가 임의로 이를 포기하는 것은 무방하나, 이로 인하여 근로자에게 불이익한 결과를 초래하면 안 될 것이라는 내용에 대해 다음과 같은 양설이 있음. <갑설> - 사용자는 비번일인 휴무일에 반일근무를 시킬 수 있으나 해당 사업장 에는 근무자가 있으므로 반일 근무를 시킬 필요가 없으므로 비번일에 근무를 시키지 않은 것은 사용자의 권리를 사용자가 임의 포기한 것임. 그러므로 사용주는 휴무일에 대신 다른 근무일날 반일근무를 시키고자 하는 것은 근로자에게 휴무일에 근로하는 것에 비해 노동강도가 강하게 되므로 이는 불이익한 결과를 초래하는 것임. <을설> - 대부분의 24시간 격일제로 근무를 하는 근로자들은 1일의 연차유급 휴가를 신청하기를 원하고 비번일인 휴무일에 업무강도가 약하기 때문에 반일근무를 하길 원하지만, 업무스케줄표가 다 짜여진 상태(변경 어려움) 에서 비번일인 휴무일에 다른 근로자가 일하고 있는 상태에서 반일 근무를 시키는 것은 의미가 없음. 그러므로 해당 근로자의 근무일날 반일근무를 시키고 이를 비번일날 반일근무하는 것으로 대체해서 이전의 2일 연차휴가사용이 아닌 1일의 연차유급휴가를 신청한 것으로 갈음하는 것은 근로자에게 불이익한 결과가 아니라고 생각함. 오히려 진정인의 주장은 사업주에게 커다란 불이익을 초래하는 것임. - 만약 상대근무자가 휴가시 근로자간 서로 합의하에 근무일에 12시간 근무를 하고 쉴 경우 이를 이전에 2일의 연차사용에서 1일의 연차 사용한 것으로 소급하여 계산할 수 있다고 생각함.","◆ 24시간 격일제 근무를 채택하고 있는 사업(장)에서 근무일 다음의 휴무일은 전일의 근무를 전제로 주어지는 것이므로, 근로자가 1일의 연차유급휴가를 신청할 경우 사용자는 1일의 연차휴가를 신청한 근로자에게 비번일인 휴무일에 근무일의 근로시간의 절반에 해당하는 근로(반일근무)를시킬 수 있다고 보아야 할 것임. ◆ 다만, 24시간 격일제 근무에 대하여 근로계약을 체결한 이상 근무일다음의 휴무일은 전일의 근무를 전제로 주어진다는 점, 휴무일에는 타근로자의 근무가 예정되어 있는점 등을 고려할 때 근로자의 휴무일 반일근무 신청에 대하여 사용자가 반드시 수용해야 하는 의무가 발생한다고볼 수는 없음. - 따라서, 근로자가 1일의 연차유급휴가를 신청하면서 휴무일에 근로제공 의사를 피력하였다고 하여 근로자의 휴무일 근무신청(12시간)에대해 유급 처리하여야 할 의무가 있는 것은 아님."
350101-15234,1개회사에 2개의 기금설립 가능여부,고용노동부,임금 32240-446,1992.6.11,https://www.law.go.kr/LSW/cgmExpcInfoP.do?cgmExpcSeq=15234,1개회사에 2개의 노조가 법적으로 구성되어 있다면 2개의 기금을 설치할 수 있는지의 여부,"하나의 회사에 여러개의 사업장이 있는 경우에는 원칙적으로 기금의 분사무소를 설치하여 통합 운영하여야 하나, 그 사업장이 지역ㆍ업종 등을 달리하고 손익 계산 등 결산서의 별도 작성이 가능할 경우에는 별개의 기금을 설치 운영할 수 있다 할 것임."
350101-15282,21가지 장소 해당 여부,고용노동부,산업안전기준과-1628,2021.12.23,https://www.law.go.kr/LSW/cgmExpcInfoP.do?cgmExpcSeq=15282,"「산업안전보건법」중 도급인 사업장 밖이라도 21개 위험장소에 해당되면 도급인의 안전ㆍ보건 조치를 하도록 되어 있음, 21개 위험장소 중 “공중 전선에 가까운 장소로서 시설물의 설치ㆍ해체ㆍ 점검 및 수리 등의 작업을 할 때 감전의 위험이 있는 장소”와 관련하여 통신업에서 인터넷 설치 기사가 전신주에 올라가서 작업하는 경우도 이에 해당이 되는지 * 참고로 통신선을 설치하는 별도의 공사 업체가 있으며, 인터넷 설치 기사는 통신선이 설치된 전신주에 승주를 하여 단자함에 통신선만 연결하고 바로 내려오는 작업임","ㆍ 인터넷 설치기사가 전신주에 올라가서 단자함에 통신선을 연결하는 작업과 관련하여, 단자함에 통신선을 연결하는 작업은 시설물의 설치ㆍ해체ㆍ점검 및 수리 등의 작업에 해당하는 것으로 볼 수 있고 전신주에는 여러 전선, 통신선이 연결되어 있어 전선 등에 접촉될 경우 감전의 위험이 있으므로 - 해당 작업은 「산업안전보건법」 시행령 제11조제9호 ‘공중 전선에 가까운 장소로서 시설물의 설치ㆍ해체ㆍ점검 및 수리 등의 작업을 할 때 감전의 위험이 있는 장소’로 보아야 할 것으로 판단됨"
350101-15768,2개사의 합병 후 명예퇴직을 대상자로 분류된 자에 대한 대기발령을 사용자의 귀책사유로 인한 휴업으로 볼 수 있는지,고용노동부,근기 68207-546,2003.5.2,https://www.law.go.kr/LSW/cgmExpcInfoP.do?cgmExpcSeq=15768,"○ 금융기관인 B사와 A사가 합병(A사로 통합됨)하는 과정에서 중복된 지점에 대한 잉여인력이 발생. 이에 대하여 A사는 최근 2년간 인사고과 성적을 기준으로 각 직급별 최하위자 7명을 우선적으로 명예퇴직대상자 및 정리해고대상자로 선정, 1차 명예퇴직을 권고하였으나 근로자 갑은 명예퇴직을 신청하지 아니함. ○ 이에 A사는 인사규정에 의거 해고회피노력의 일환으로 갑에 대하여 대기발령(사내대기와 재택대기가 있음)을 행하고, 동 대기발령에 대하여는 노동위원회 및 법원에서 정당한 인사발령이라는 판단을 하였음. <대기발령의 근거가 된 인사규정> 3. 근무성적 불량, 신체.정신이상 또는 기타 사유로 필요하다고 인정되는 경우 ○이때, A사의 갑에 대한 대기발령을 근기법 제45조의 사용자의 귀책사유로 인한 휴업지시로 볼 수 있는지","○ 근로기준법 제45조에서 규정한 휴업수당제도의 취지는 사용자의 귀책사유로 인하여 근로자가 근로를 제공하지 못하는 경우 임금상실의 위험으로부터 근로자를 보호하기 위한 것으로서, 근로자의 귀책사유로 인한 징계로서의 휴직기간에까지 적용된다고 볼 수는 없을 것임. ○ 귀 질의내용에 일부 불명확한 점이 있으나, 근로자에 대한 징계로서의 대기발령이 정당한 이유 없는 해고, 정직 등을 금지한 근로기준법 제30조에 저촉되지 않는 정당한 인사발령으로 인정된 경우라면 이는 사용자의 귀책사유로 인한 휴업으로 볼 수 없으므로 귀견이 타당하다고 사료됨."
350101-16136,154KV관련 공사의 공사종류 등에 대한 회시,고용노동부,산업안전팀-2687,2007.5.29,https://www.law.go.kr/LSW/cgmExpcInfoP.do?cgmExpcSeq=16136,1. 산업안전보건관리비계상에 있어 154KV 관련 기계ㆍ장비 설치공사의 공사 종류 2. 특수 및 기타 건설공사일지라도 안전관리비를 요율이상으로 사용 가능 여부,"1. 건설업 산업안전보건관리비계상 및 사용기준(노동부 고시제2007-4호, 2007. 2. 21.) 제4조에 산업안전보건관리비계상을 위한 공사의 종류는 별표5의 건설공사의 종류예시표에 의한다고 규정하고 있고, 동예시표에 특수 및 기타 건설공사는 전기공사업법에 의한 전기공사 등으로 타 공사와 분리발주되어 시간 ㆍ장소적 으로 독립하여 행하는 공사로 타 공사와 병행하여 행하는 경우에는 일반 건설 공사(갑)으로 분류되어 이에 해당하는 요율을 적용하도록 하고 있음 귀질의의 154KV 관련 기계 ㆍ장비 설치공사가 전기공사업법에 의한 공사로서 타 공사와 분리발주되어 동일한 장소에 다른 공사와 병행하여 이루어지지 않는다면 특수 및 기타 건설공사로 공사 종류를 적용하여야 할 것으로 사료됨 2. 산업안전보건법 제30조에 의한 산업안전보건관리비는 최소한의 계상기준을 제시하고 있는 바, 동계상 기준에 의한 금액 이상 산업안전보건관리비를 계상, 사용한다면 법 위반으로 볼 수 없을 것임"
350101-16904,1주간 소정근로시간이 39시간일 때 개정 근로기준법상 단시간근로자인지 여부,고용노동부,근로기준과-3789,2004.7.23,https://www.law.go.kr/LSW/cgmExpcInfoP.do?cgmExpcSeq=16904,"○ 주 40시간 근무제를 주요골자로 한 근로기준법이 2004. 7. 1자로 시행됨에 따라 단시간근로자 근로기준법 적용방법에 대해 질의함. ○ 단시간근로자의 소정 근로시간을 1주 39시간(평일 : 7시간, 토요일 : 4시간)으로 계약할 경우 근로기준법 제21조의 규정을 충족하는지 ○단시간근로자의 월간 근로시간을 정규직 월간 근로시간보다 1시간 적게 계약할 경우 근로기준법 제21조의 규정을 충족하는지 ○단시간근로자의 소정 근로시간을 1주 39시간으로 계약하여 2004년 7월에 170시간 [평일 : 154시간(7시간×22일), 토요일 : 16시간(4시간×4일)] 근로시킬 경우 근로기준법에 저촉 여부 ○단시간 근로자의 소정 근로시간을 1주 39시간으로 계약하고 1주에 6시간의 시간외근로를 시켰을 경우 아래와 같이 할증임금을 지급하여야 되는지 - 최초 1시간 : 할증임금 미지급 - 2시간부터 4시간까지 : 통상임금의 100분의 25 이상을 가산 - 마지막 1시간 : 통상임금의 100분의 50 이상을 가산 ○단시간근로자의 소정 근로시간을 1주 39시간으로 계약하고 매주 1시간 이상의 시간외근로를 시켜 정규직과 동일하게 1주 40시간을 근무하였을 경우 근로기준법 제21조의 규정에 저촉되는지","초등학교에 근무하는 경비원은 학교 시설의 정기적 순찰 등 감시업무를 주된 업무로 하고 있어 감시적 근로에 해당하고 「근로감독관집무규정」 제68조 제1항의 요건을 모두 갖춘 경우에는 감시적 근로 종사자에 대한 적용제외 승인이 가능함.「근로감독관 집무규정」 제68조제1항제3호에서 규정한 ‘사업주 지배하에 있는 1일 근로시간’이란 휴게시간을 제외한 근로시간을 의미하며, - 동 집무규정 제68조제3항에 따라 제1항 및 제2항의 근로시간은일정기간(주 또는 월 등)의 평균적 개념으로 산정함.귀 지청 질의와 같이 초등학교에서 근무하는 경비원이 1주간 주중 (월~금) 근로와 주말(토~일) 근로의 근로시간이 다르더라도 업무성질, 근로시간 등의 동 집무규정 제68조제1항의 요건을 충족하는 경우라면 적용제외 승인이 가능함. - 즉, 일정기간(주 또는 월 등)을 평균하여 사업주의 지배하에 있는 1일 근로 시간(휴게시간을 제외한 근로시간)이 12시간 이내인경우 또는 격일제(24시간 교대) 근무로서 휴게시간이 8시간 이상확보되어 있는 경우에 해당하면 적용 제외 승인 가능"
350101-17076,"1개 병원은 노동조합의 대표자가 근로자대표로, 1개 병원은 자체 선출된 사람이 각각 산업안전보건위원회 근로자 대표로 되어 있을 경우 노동조합 대표자가 다른 사업장의 근로자위원 교체를 요구할 수 있는지 여부 등",고용노동부,산재예방정책과-331,2012.1.18,https://www.law.go.kr/LSW/cgmExpcInfoP.do?cgmExpcSeq=17076,"△△대학교병원(이하 “본원”)과 □□ △△대학교병원(이하 “□□병원”)으로 운영 되고 있고 하나의 노동조합이 있으며 □□병원은 자체 선출된 근로자 대표가 근로자위원을 선임하여 산업안전보건위원회(이하 “산 안위”)를 운영하고 있음. 1. 본원 노동조합에서 근로자위원의 교체를 요구할 수 있는지 2. 본원 소속 근로자가 □□ 병원 산안위 근로자위원으로 선임될 수 있는지, 3. 임기 내 근로자위원 교체 권한 소재 여부","1. 질의 1, 3에 대하여 ：질의 내용만으로는 명확한 판단이 어려우나 산 안위의 근로자위원을 지명할 수 있는 근로자 대표는 □□병원이 산업안전보건법상 “사업장”으로 판단될 경우 □□병원 소속 근로자의 과반수를 대표하는 사람 (노동조합 조직범위와 관계없음)이 될 것이나 “사업장”이 아닌 것으로 판단될 경우 노동조합의 대표자가 될 것임.) 2. 질의 2에 대하여 ：산안위 근로자위원은 □□병원이동법상 “사업장”으로 판단될 경우 □□병원 소속 근로자의 과반수를 대표하는 사람이 □□ 병원 소속 근로자 중에서 지명한 사람으로, “사업장”이 아닌 것으로 판단될 경우 □□ 병원 소속 여부와 관계없이 노동조합의 대표자가 지명하는 사람으로 산 안위를 구성ㆍ운영해야 할 것임."
350101-17362,2개 회사의 합병 후 명예퇴직 대상자로 분류된 자에 대한 대기발령을 사용자의 귀책사유로 인한 휴업으로 볼 수 있는지,고용노동부,근기 68207-546,2003.5.2,https://www.law.go.kr/LSW/cgmExpcInfoP.do?cgmExpcSeq=17362,"금융기관인 B사와 A사가 합병(A사로 통합됨)하는 과정에서 중복된 지점에 대한 잉여인력이 발생. 이에 대하여 A사는 최근 2년간 인사고과 성적을 기준으로 각 직급별 최하위자 7명을 우선적으로 명예퇴직대상자 및 정리해고대상자로 선정, 1차 명예퇴직을 권고하였으나 근로자 갑은 명예퇴직을 신청하지 아니함. 이에 A사는 인사규정에 의거 해고회피노력의 일환으로 갑에 대하여 대기발령(사내대기와 재택대기가 있음)을 행하고, 동 대기발령에 대하여는 노동위원회 및 법원에서 정당한 인사발령이라는 판단을 하였음. <대기발령의 근거가 된 인사규정> 3. 근무성적 불량, 신체ㆍ정신이상 또는 기타 사유로 필요하다고 인정되는 경우 이때, A사의 갑에 대한 대기발령을 근기법 제45조의 사용자의 귀책사유로 인한 휴업지시로 볼 수 있는지 ?","「근로기준법」 제45조[현 「근로기준법」 제46조]에서 규정한 휴업수당제도의 취지는 사용자의 귀책사유로 인하여 근로자가 근로를 제공하지 못하는 경우 임금상실의 위험으로부터 근로자를 보호하기 위한 것으로서, 근로자의 귀책사유로 인한 징계로서의 휴직기간에까지 적용된다고 볼 수는 없을 것임. 귀 질의내용에 일부 불명확한 점이 있으나, 근로자에 대한 징계로서의 대기발령이 정당한 이유 없는 해고, 정직 등을 금지한 「근로기준법」 제30조[현 「근로기준법」 제23조]에 저촉되지 않는 정당한 인사발령으로 인정된 경우라면 이는 사용자의 귀책사유로 인한 휴업으로 볼 수 없으므로 귀견이 타당하다고 사료됨."
350101-17364,2개 회사 통합으로 1사 2노조가 된 경우 노사협의회 설치방법(Ⅰ),고용노동부,노사협력정책과-3808,2009.10.23,https://www.law.go.kr/LSW/cgmExpcInfoP.do?cgmExpcSeq=17364,"● 당해 회사는 2개 회사가 통합하여 현재 1사 2노조가 된 상황이며, 2개 노조의 단체협약에 동일하게 “상호 신뢰를 바탕으로 노사협의회를 구성하되 협의회의 구성 및 운영 등 제반사항은 「근로자참여 및 협력증진에 관한 법률」 및 노사합의에 따라 정하는 노사협의회 운영규정에 따른다”고 규정되어 있음 ● 몇 달 전 A노조가 과반수 노조가 되자 노사협의회 근로자위원을 위촉하여 회사에 통보, 회사도 사용자위원을 노조에 통보하였으나 노사협의회 운영규정 제정 및 노동부 신고 절차는 이루어지지 않음 - A노조는 근로자위원 위촉 이후 바로 과반수 미만 노조가 되었고 며칠 전 근로자위원 변경통보 및 협의회 개최를 요구하고 있는 상황임 질의1) A노조와 노사협의회 운영규정 제정 및 노동부 신고 절차가 이루어지지 않았으므로 현재 과반수 노조가 없는 상황에서는 전체 근로자 투표로 근로자위원을 선출해야 적법한 것이 아닌지? 질의2) 아니면 단체협약에 따라 A, B노조와 각각의 노사협의회를 구성 운영하여야 하는지?","○ 「근로자참여 및 협력증진에 관한 법률」(이하 “근참법”이라 한다) 제6조제2항에 “근로자위원은 근로자가 선출하되, 근로자의 과반수로 조직된 노동조합이 있는 경우에는 노동조합의 대표자와 그 노동조합이 위촉하는 자로 한다”고 규정하고 있고, 근참법 제6조제3항에는 “사용자위원은 해당 사업이나 사업장의 대표자와 그 대표자가 위촉하는 자로 한다”고 규정하고 있으며, 근참법 제8조제1항은 노사협의회 위원의 임기에 대하여 “위원의 임기는 3년으로 하되 연임할 수 있다”고 규정하고 있음 ○ 귀 질의내용과 같이 A노조가 당해 사업장 소속 근로자 과반수로 조직되어 있는 상태에서 근참법 제6조제2항에 따라 근로자위원을 위촉하고 사용자에게 통보하였고, 사용자도 동법 제6조제3항에 따라 사용자위원을 위촉하여 A노조에게 통보하여 주었다면 노사협의회 운영규정 제정, 노동부 신고 등의 절차가 이루어지지 않았다고 하더라도 일응 노사협의회가 적법하게 구성되었다고 보아야 할 것임 ○ 따라서, A노조가 조합원수 감소로 과반수에 미달하는 노조가 되고 최근 근로자위원 변경 통보를 하였다고 하더라도 A노조가 과반수 노조이었을 당시 위촉된 근로자위원은 과반수 노조일 당시에 적합한 절차에 의해 해촉되지 않았다면 법상 임기가 보장된다고 봄이 타당할 것임 ○ 아울러, 노사협의회는 노조단위로 설치하는 것이 아니라 근로조건 결정권이 있는 사업 또는 사업장 단위로 설치하는 것이므로 귀사의 2개 노조가 근로조건 결정권이 있는 사업장에 각각 조직되어 있거나(근참법 제4조제1항), 지역을 달리하는 사업장에 각각 조직되어 있는 경우(근참법 제4조제2항)가 아니라면 귀사에는 하나의 노사협의회를 설치ㆍ운영하여야 할 것임"
350101-17374,"2년 주기로 예술단원들의 평정을 실시, 재위촉할 경우 「기간제법」 저촉여부",고용노동부,고용차별개선과-307,2017.2.3,https://www.law.go.kr/LSW/cgmExpcInfoP.do?cgmExpcSeq=17374,시립예술단원들을 2년 주기로 평정을 실시하여 재위촉하는 경우 2년을 초과하여 사용한 것으로 보아 무기계약으로 간주되는지? 반복갱신 등으로 총 근무기간이 2년을 초과한 단원들에 대해 재위촉 과정을 거치지 아니하고 수시ㆍ정기적으로 실기평정을 실시하여 일정점수 이하인 단원에 한하여 해촉이 가능한지,"「기간제 및 단시간근로자 보호 등에 관한 법률」(이하 “기간제법”이라 함)을 적용하기 위해서는 우선 예술단원들이 「근로기준법」 상 근로자에 해당하여야 하나, - 귀 기관의 질의내용만으로는 예술단원들이 「근로기준법」 상 근로자에 해당하는지 여부를 알 수 없어 「기간제법」의 적용 가능 여부를 판단하기 어려움 예술단원들이 「근로기준법」 상 근로자에 해당하는 것으로 가정한다고 하더라도, 귀 질의내용만으로는 구체적인 사실관계를 알 수 없어 명확한 답변은 어려우나, - 실기평정을 실시하여 일정점수 이상인 자에 한하여 재위촉 하였다는 사정만으로는 근로기간이 새롭게 시작된다고 보기 어려우므로 총 근무기간이 2년을 초과한 시점에서 무기계약근로자로 간주될 가능성이 높아 보임 한편, 반복갱신 등으로 총 근무기간이 2년을 초과한 근로자는 이미 기간의 정함이 없는 근로계약을 체결한 것으로 간주되므로 「근로기준법」 제23조의 해고에 관한 법리가 적용되므로 실기평정에 따른 해촉 가능 여부는 이에 따라 판단되어야 할 것임. - 참고로, 해고처분의 정당성 여부에 관해 대법원은 “해고처분은 사회통념상 고용 관계를 계속할 수 없을 정도로 근로자에게 책임 있는 사유가 있는 경우에 행하여져야 정당성이 인정되고, 사회통념상 당해 근로자와의 고용관계를 계속할 수 없을 정도인지는 당해 사용자의 사업의 목적과 성격, 사업장의 여건, 당해 근로자의 지위 및 담당직무의 내용, 비위행위의 동기와 경위, 이로 인하여 기업의 위계질서가 문란하게 될 위험성 등 기업질서에 미칠 영향, 과거의 근무태도 등 여러 가지 사정을 종합적으로 검토하여 판단하여야 한다.”(대법원 2014.7.10. 선고 2012다100760 판결 등)고 판시하고 있음."
350101-17460,1명의 근로자가 2 이상의 사업(장) 근로자가 될 수 있는지,고용노동부,근로기준과-2948,2005.6.1,https://www.law.go.kr/LSW/cgmExpcInfoP.do?cgmExpcSeq=17460,"○현재, 1인이 2개 이상 사업장에 적용기준을 충족(월 80시간 이상 근무)한 경우 각각의 사업장별로 직장가입자 자격을 취득하여 이중으로 국민건강보험료를 부담토록 하고 있음. ○의료기관에서 건강보험요양급여비용청구시 파트타임 직원을 상근 직원으로 인정하지 않음으로서 진찰료.간호관리료 등의 적용시 불이익을 받는 경우가 있음. ○이와 같이 상근직원에 대한 정확한 정의가 없어 일선 의료기관에서 진료업무에 혼선이 야기되어 질의함. -상근직원의 정확한 정의는 무엇인지? -최소 몇 시간이상 근무하는 경우에 법적으로 상근직원으로 구분되는지 -2군데 이상의 사업장에서 상근직원으로 근무가 가능한지?","○귀 질의서상의 “상근직원”의 의미에 관하여는 근로기준법으로 규정하고 있지 않으며, 개별 사업장의 취업규칙 등에 “상근직원”에 대하여 규정하고 있다면 그 개념에 관하여도 취업규칙으로 정하여야 할 것임. ○다만, 1명의 근로자가 동시에 2개 이상의 사업장에 상태적으로 근무하더라도 그 각각의 사업(장)에서 근로기준법상 근로자의 지위가 부인되는 것은 아니라고 할 것임."
350101-17616,114안내 재택근무요원이 근로자인지 여부,고용노동부,근기 68207-1940,2000.6.27,https://www.law.go.kr/LSW/cgmExpcInfoP.do?cgmExpcSeq=17616,"○ ○○공사에서 114안내업무를 재택근무로 아웃소싱하고, 재택근무에 필요한 시설 및 장비.물품을 제공하고 일정한 근무시간대를 지정하여 재택근무를 하게 함. ○ 근무조건 - 지휘명령을 하지 않으나 기본임금을 매 시간급으로 산정 지급하고, 심야시간대에 50%의 가산급을 지급함. - 귀책사유로 근무를 하지 못하거나 예정된 업무를 처리하지 못한 시간은 임금을 지급하지 않음. - 재택근무자에게 월정급여에 공간사용료, 전기사용료, 통신요금을 지급함. - 근무시간대는 임의적으로 변경할 수 없음. - 주6일간 재택근무를 하며, 1일 5시간을 원칙으로 근무시간을 정해 근무함.","○ 근로기준법상 근로자라 함은 직업의 종류를 불문하고 사업 또는 사업장에 임금을 목적으로 근로를 제공하는 자를 말함. ○ 당해 사안의 경우 구체적인 사실관계가 확인되지 아니하여 정확한 답변이 곤란하나, 귀 질의내용 및 계약서 내용 중 다음과 같은 점으로 보아 근로기준법상의 근로자로 봄이 타당하다고 사료됨. - 근무장소를 자택으로 지정하는 근로계약을 체결하여 출.퇴근 의무는 없으나 사용자에 의하여 근무시간이 지정되고 이에 구속되는 점 - 업무수행에 필요한 시설과 장비를 제공받고 소정근로시간에 대한 기본급을 시간급 임금으로 지급하는 점 - 근무를 소홀히 하는 경우 경고처분 등 징계조치 및 근로계약을 즉시 해지하는 점 - 회사의 인사규정을 적용하고, 필요한 경우 근무형태의 변경이 가능한 점"
350101-18244,1년미만의 근로계약을 반복적으로 체결할 경우 기간의 정함이 없는 계약으로 전환되는지 여부,고용노동부,근기 68207-695,1999.11.23,https://www.law.go.kr/LSW/cgmExpcInfoP.do?cgmExpcSeq=18244,"○ A사는 근로계약상 근로계약은 5년을 초과할 수 없도록 하면서, 실제로는 1년미만의 계약을 반복적으로 체결하고 있음. - 이 경우 최장 5년의 기간이 종료됨으로써 별도의 해고조치 없이 근로계약관계가 종료되었는지, 또는 기간의 정함이 없는 계약으로 전환되는지 여부","법 제61조 제2항은 “최초 1년의 근로기간이 끝나는 날”을 기준으로 사용 촉진을 하 도록하고 있고, “최초 1년의 근로기간이 끝날 때까지” 연차휴가를 사용하지 않으면 보상 의무가 소멸 된다고 규정하고 있으므로, - 1년간의 근로가 예정되어 있지 않은 계약기간 1년 미만의 기간제 근로자에게는 연차 사용 촉진이 적용된다고 볼 수 없음 * 제61조(연차 유급휴가의 사용 촉진) ② 사용자가 계속하여 근로한 기간이 1년 미만인 근로 자의 제60조 제2항에 따른 유급휴가의 사용을 촉진하기 위하여 다음 각 호의 조치를 하였음에도 불구하고 근로자가 휴가를 사용하지 아니 하여 제 60조 제7항 본문에 따라 소멸된 경우 에는 사용자는 그 사용하지 아니한 휴가에 대하여 보상할 의무가 없고, (이하 생략) 1. 최초 1년의 근로기간이 끝나기 3개월 전을 기준으로 10일 이내에 사용자가 근로자별로 사용하지 아니한 휴가 일수를 알려주고, (이하 생략) * * 제60조(연차 유급휴가) ⑦ 제1항ㆍ 제2항 및 제4항의 규정에 따른 휴가는 1년간 (계속하 여 근로한 기간이 1년 미만인 근로자의 제2항에 따른 유급휴가는 최초 1년의 근로가 끝 날 때까지의 기간을 말한다) 행사하지 아니하면 소멸된다. (단서 생략) 단, 1년 미만 근로계약을 체결하였다 하더라도, 근로계약 갱신 또는 계약기간 연장 등 으로 근로관계의 단절 없이 1년 이상의 근로가 예정되어 있는 경우라면 법 제61조 제2항에 따른 연차 사용 촉진 조치를 할 수 있음"
350101-18246,1년 미만자의 연차휴가 사용촉진,정보 없음,정보 없음,정보 없음,https://www.law.go.kr/LSW/cgmExpcInfoP.do?cgmExpcSeq=18246,기간제근로자의 근로계약 기간이 1년 미만인 경우에도 연차사용촉진이 가능한지?,"법 제61조 제2항은 “최초 1년의 근로기간이 끝나는 날”을 기준으로 사용 촉진을 하 도록하고 있고, “최초 1년의 근로기간이 끝날 때까지” 연차휴가를 사용하지 않으면 보상 의무가 소멸 된다고 규정하고 있으므로, - 1년간의 근로가 예정되어 있지 않은 계약기간 1년 미만의 기간제 근로자에게는 연차 사용 촉진이 적용된다고 볼 수 없음 * 제61조(연차 유급휴가의 사용 촉진) ② 사용자가 계속하여 근로한 기간이 1년 미만인 근로 자의 제60조 제2항에 따른 유급휴가의 사용을 촉진하기 위하여 다음 각 호의 조치를 하였음에도 불구하고 근로자가 휴가를 사용하지 아니 하여 제 60조 제7항 본문에 따라 소멸된 경우 에는 사용자는 그 사용하지 아니한 휴가에 대하여 보상할 의무가 없고, (이하 생략) 1. 최초 1년의 근로기간이 끝나기 3개월 전을 기준으로 10일 이내에 사용자가 근로자별로 사용하지 아니한 휴가 일수를 알려주고, (이하 생략) * * 제60조(연차 유급휴가) ⑦ 제1항ㆍ 제2항 및 제4항의 규정에 따른 휴가는 1년간 (계속하 여 근로한 기간이 1년 미만인 근로자의 제2항에 따른 유급휴가는 최초 1년의 근로가 끝 날 때까지의 기간을 말한다) 행사하지 아니하면 소멸된다. (단서 생략) 단, 1년 미만 근로계약을 체결하였다 하더라도, 근로계약 갱신 또는 계약기간 연장 등 으로 근로관계의 단절 없이 1년 이상의 근로가 예정되어 있는 경우라면 법 제61조 제2항에 따른 연차 사용 촉진 조치를 할 수 있음"
350101-1968,100억원 이상 하도급 계약 안전관리자 선임,고용노동부,산업안전과-5978,2020.12.28,https://www.law.go.kr/LSW/cgmExpcInfoP.do?cgmExpcSeq=1968,"- 「산업안전보건법」 시행령 [별표 3]의 건설업 안전관리자 선임과 관련하여 안전관리자를 선임해야 하는 100억원 이상의 하도급공사(관계수급인)가 2020.1.16.부터 착공하는 하도급 공사인지, 2020.7.1.부터 착공하는 하도급 공사인지 - 100억원 이상의 하도급공사 계약내역이 재료비 80%(공장제작), 노무비 20%인 경우에도 안전관리자를 선임하여야 하는지","1. 질의 1 관련 ㆍ 「산업안전보건법」 시행령 전부개정(대통령령 제30256호)와 관련하여 건설업 안전관리자 선임은 「산업안전보건법」 시행령 부칙(대통령령 제30256호) 제2조제4항 및 제13조에 따라 공사금액 100억원 이상은 2020.7.1. 이후 착공하는 공사에 적용되며, 공사금액 80억원 이상 100억원 미만은 2021.7.1. 이후 착공하는 공사, 공사금액 60억원 이상 80억원 미만은 2022.7.1. 이후 착공하는 공사, 공사금액 50억원 이상 60억원 미만 공사의 경우 2023.7.1. 이후 착공하는 날부터 적용됨 - 따라서, 관계수급인의 경우에도 2020.7.1. 이후 공사를 착공하는 경우에는 안전관리자를 선임하여야 함 2. 질의 2 관련 ㆍ 질의 내용만으로는 계약내역을 구체적으로 알 수 없어 정확한 답변은 곤란하나 공사금액을 판단할 때 노무비만을 말하는 것은 아니며 해당 하도급공사의 총 공사금액을 기준으로 판단하면 될 것으로 보임"
350101-213862,2개 이상 노조가 조직되어 있는 경우 조합원수 산정시점과 방법,고용노동부,노사관계법제과-649,2010.9.3,https://www.law.go.kr/LSW/cgmExpcInfoP.do?cgmExpcSeq=213862,1. 노동조합 현황,"1. 노조법 제24조 제4항 및 같은 법 시행령 제11조의2에 따라 근로시간면제 한도 적용을 위한 조합원 규모산정은 사업 또는 사업장별 기준이므로, 하나의 사업(장)에 2개 이상의 노조가 조직되어 있는 경우 각 노조별 근로시간면제 시간 및 인원 배분은 사업(장)내 전 체 조합원수를 기준으로 노사간에 정한 총량 한도(시간 및 인원) 범위 내에서 노조에 자율적으로 정하되, 조합원수 ㆍ 업무 등을 고려하여 노조간 적정하게 배분하여야 할 것임 이때, 전체 노동조합의 조합원 규모는 고용부 업무매뉴얼에 교섭시기가 먼저 도래한 노 동조합의 단체협약 만료일 이전 3개월이 되는 날을 기준으로 산정토록 하였으나 이는 노사간의 분쟁을 줄이기 위해 해당 사업장에서 면제 한도 적용을 위한 교섭을 실시할 때 그 기준 시점을 예시한 것으로 노사ㆍ 노노간 협의를 통해 달리 정하는 것도 가능할 것임 2. 귀 사업(장)의 경우 근로시간면제 제도가 시행되는 시점인 2010. 7. 1. 당시 이미 2개의 노조가 있었고, 양 노조 모두 단체협약이 체결되지 않아 새로운 단체협약을 체결하여야 하는 상태에 있었으므로 2010. 7. 1. 이후에 적용될 근로시간면제 한도의 산정 및 노조별 배분은 동 제도가 시행된 2010. 7. 1. 기준으로 하는 것이 근로시간면제제도를 통한 노동 조합 활동을 실질적이고 공정하게 보호하는 가장 합리적인 방안이라고 사료됨"
350101-213914,"2008.12월~2009.5.15.까지는 일반 기간제근로자로, 2009.5.18.~ 2009.12.17. 까지는 농촌현장인턴으로, 2010.1.4.~1010.11.30.까지는 다시 일반 기간제 근로자로 각각 근로계약을 체결하고 동일한 업무를 수행한 경우 계속근로 년수 산정방법과 퇴직금 지급대상 여부",고용노동부,고용평등정책과-203,2011.1.26,https://www.law.go.kr/LSW/cgmExpcInfoP.do?cgmExpcSeq=213914,"2008.12월~2009.5.15.까지는 일반 기간제근로자로, 2009.5.18.~ 2009.12.17. 까지는 농촌현장인턴으로, 2010.1.4.~1010.11.30.까지는 다시 일반 기간제근로자로 각각 근로계약을 체결하고 동일한 업무를 수행한 경우 계속근로년수 산정방법과 퇴직금 지급대상 여부","기간의 정함이 있는 근로계약의 경우 그 계약기간의 만료로 고용관계가 종료됨이 원칙이므로 근로계약 만료 후 새로운 채용공고, 서류전형, 면접, 새로운 사번부여 등 실질적인 공개채용과정을 거친다면 각각의 근로기간은 단절되는 것으로 보아야 할 것이나, - 공개모집 절차를 통해 공개채용을 하더라도 그러한 절차가 형식에 불과하여 관행상 이전에 근무한 근로자를 동일한 업무에 다시 채용하여 재계약 또는 계속고용의 기대가 형성되어 있고, 공개모집절차가 법 회피목적으로 이루어진 것에 불과하다면 반복적으로 체결한 근로계약 전 기간을 계속근로로 인정하여야 할 것임 귀 질의 내용만으로는 구체적 사실관계를 알 수 없어 명확한 답변은 어려우나, 동일한 사업장에서 동일한 내용의 업무를 반복적으로 수행하면서 근로계약만을 형식적으로 반복 갱신한 것에 불과하다면 전 근로기간을 계속근로기간으로 산정하여 계속근로기간 1년 에 대하여 퇴직금을 지급하여야 할 것으로 보임 한편, 농촌현장인턴이 법령에 근거하여 한시적으로 정부재정을 통하여 취업취약계층에게 일자리를 제공하는 사업이라면 동 사업은 기간제근로자의 사용기간 제한 예외 사유에 해당하여 동 기간을 제외한 계속근로기간이 2년을 초과한 때 기간의 정함이 없는 근로자로 간주될 수 있을 것으로 사료됨"
350101-214078,119안전센터장이 업무총괄자에 해당하는지 여부,고용노동부,공무원노사관계과－1959,2021.8.31,https://www.law.go.kr/LSW/cgmExpcInfoP.do?cgmExpcSeq=214078,119안전센터장이 업무총괄자에 해당하여 공무원노조 가입이 제한되는지,"「공무원의 노동조합 설립 및 운영 등에 관한 법률(이하 ‘공무원노조법’)」 제6조제2항은 공무원노조 가입 금지 대상에 대해 “①업무의 주된 내용이 다른 공무원에 대하여 지휘ㆍ감독권을 행사하거나 업무를 총괄하는 업무에 종사하는 공무원, ②업무의 주된 내용이 인사ㆍ보수 또는 노동관계의 조정ㆍ감독 등 노동조합의 조합원 지위를 가지고 수행하기에 적절하지 아니한 업무에 종사하는 공무원, ③교정ㆍ수사 등 공공의 안녕과 국가안전보장에 관한 업무에 종사하는 공무원”으로 규정하고 있습니다. 「지방소방기관 설치에 관한 규정」제8조에 따라 소방서장의 소관 사무를 분장하게 하기 위하여 해당 시ㆍ도의 규칙으로 소방서장 소속으로 119안전센터를 둘 수 있고, ‘119안전센터장’은 「소방공무원 근무규칙」제9조에 따라 119안전센터 관할 내의 소방업무의 총괄 지휘 및 책임자에 해당하며, 지방자치법 및 「지방자치단체의 행정기구와 정원기준 등에 관한 규정」에 따라 각 지방자치단체에서 규정하고 있는 ‘행정기구 설치 조례’ 또는 ‘행정기구 설치 및 정원 조례’ 및 ‘그 조례의 시행규칙’에서 소방서장의 명을 받아 소관 사무를 통할(총괄)하고 소속 공무원을 지휘ㆍ감독하도록 규정하고 있습니다. - 또한, 119안전센터장은 「소방공무원 승진임용 규정 시행규칙」제6조 및 별표1에 따라 119안전센터 소속의 소방위 이하 소방공무원의 1차 평정자에 해당하며, 「사무전결처리규정」등에서 소방위 이하의 연가ㆍ출장 등 복무에 대하여 전결권자에 해당하는 등 다른 공무원을 지휘ㆍ감독하며 그 복무를 관리할 권한과 책임을 부여받은 공무원으로 판단됩니다. 따라서, 위 규정에 따라 119안전센터장이 해당 119안전센터의 업무를 총괄하거나 소속 직원들을 지휘ㆍ감독하는 경우라면 공무원노조법에 의한 노동조합에 가입할 수 없을 것으로 사료됩니다."
350101-214104,2개 공사현장에 1인의 안전관리자를 선임할 경우 안전관련 서류 작성방법,고용노동부,산안(건안) 68307-64,2003.3.12,https://www.law.go.kr/LSW/cgmExpcInfoP.do?cgmExpcSeq=214104,"총공사 구간이 20㎞ 정도이고 공사 구간 내 교량 2개소 외 옹벽 2개소 공사(120억원)를 주공사 1건, 나머지 옹벽공사와 기타 공사를 합쳐 기타 공사 1건으로 별도 계약 2개 이상의 공사가 동일한 시공자, 공사 관리 조직 및 체계 하에서 시공되고 장소적 으로도 근접하는 등의 조건을 갖춘 경우이고 이를 하나의 사업장으로 간주하여 공사건 별로 관리책임자 등 선임 보고를 하면서 안전관리자를 중복 선임하여 관리 하고 있음 원청인 회사가 2개의 공사건을 1개 업체에 일괄 하도급을 주어 건별로 계약하고 동일 업체가 시공하고 있으며 동일근로자가 주공사 및 기타 복구에 같이 투입되고 안전점검 시 전 구간을 점검하고 안전시설 및 인건비도 구분 없이 공동으로 사용 되는 등 1개의 사업장처럼 관리되고 있는 경우 1. 2건의 공사를 1개의 사업장으로 보아 안전교육, 안전 점검일지(점검구간을 명확히 기재), 안전 관리비 사용내역을 통합하여 1건으로 작성해도 되는지 2. 중복 선임하여 1인이 관리하더라도 건별로 되어 있으므로 안 전교육, 안전 점검 일지, 안전관리비를 별도로 작성하여야 하는지 여부","○ 건설현장에서 의무적으로 작성 및 보존하여야 하는 서류는 산업안전보건법 제30조의 규정에 의한 산업안전보건관리비 사용내역서와 동법 제64조의 규정에 의한 관리책임자 등 선임에 관한 서류, 기계.기구의 자체검사서류, 작업환경측정, 건강진단서류이며, 그 외의 안전보건교육일지, 안전점검일지, 협의체 구성.운영 서류 등은 법령상의 의무 이행여부에 대한 확인시에 필요한 서류임 ○ 귀 질의와 같이 인접한 2개 공사현장을 하나의 공사조직하에서 운영하는 경우 공사건별로 계상하여야 하는 산업안전보건관리비는 사용내역서도 별도로 작성하여야 하며, 그 외의 서류는 법령상의 의무 이행여부에 대한 확인이 가능하도록 현장의 관리방법이나 실정에 따라 적절한 방법으로 작성(통합 또는 별도) 하시면 될 것임"
350101-214206,1일 소정근로시간수의 일부만 근로제공을 한 경우 주휴를 부여할 수 있는지 여부,고용노동부,근기 68207 - 270,1997.3.4,https://www.law.go.kr/LSW/cgmExpcInfoP.do?cgmExpcSeq=214206,○ 주중 1일이상 근로제공을 거부하는 불법파업은 없었으나 1일 8시간 미만의 부분적인 불법파업으로 근로제공을 거부한 근로자에 대하여 유급주휴일이 발생하는지?,"○ 근로기준법 제45조(신법 제54조)는 사용자는 근로자에 대하여 대하여 1주일에 평균 1회이상의 유급 휴일을 주어야 한다고 하고 있으며 동법 시행령 제29조는 여기에서의 “유급휴일”을 소정의 근로“일수”를 개근한 자에 대하여 주는 유급휴일로 정의하고 있음 - 따라서 유급주휴일은 법령, 단체협약, 취업규칙 등에서 정한 근로“일”을 단위로 하여 그 소정근로“일”을 개근하면 발생하는 것이지 1일 소정근로“시간”을 전부 근로하여야만 되는 것은 아니라고 사료됨 - 결국 귀 질의와 같이 근로시간중에 부분적인 불법파업으로 1일 8시간의 근로제공이 이루어지지 않은 경우 단체협약 또는 취업규칙에 따라 징계등 책임을 물을 수 있는 것과는 별개로 소정근로일을 단위로 하여 그날 그날에 출근하여 근로를 제공하였다면 유급주휴일은 부여하여야 한다고 판단됨"
350101-214258,1주일을 월력에 의한 일요일부터 토요일까지로 보아야 하는지,고용노동부,근로기준과-918,2010.4.30,https://www.law.go.kr/LSW/cgmExpcInfoP.do?cgmExpcSeq=214258,"글로벌 경제위기로 인해 발생한 경기침체상황에서 취약계층의 생계를 지원하기 위하여 전년도에 이어 금년 3.2.(화)부터 ○○사업을 추진하고 있으며, 사업 참여자의 주휴일수당 지급을 위한 1주의 시작 및 종료일의 기준을 아래와 같이 적용하고 있는바 적절한지 여부를 질의함. ○○사업 종합지침에서는 일요일부터 토요일까지를 1주로 계산하며 2주에 걸쳐 계산하지 않도록 하고 있음. - 따라서 ○○사업 시작일이 주중인 3.2.(화)에 시작하였기 때문에 3월 첫째 주(3.2.~3.6.)에는 주휴일 수당을 지급하지 않고, 다음 주(3.7.~3.13.) 주휴일 수당을 지급하도록 하고 있음. <1주와 1월의 계산방법> ㆍ 1주：일~토로 계산, 일요일을 휴무일로 지정의무는 없음. ㆍ 1월：월초(매월 1일)에 사업을 시작하는 경우 월말까지를 1월로 계산 단, 월 중에 사업이 시작되는 경우는 그 다음 달의 전일까지를 1월로 계산(3.2.~4.1.)","○ 산업안전보건법 제43조의 규정에 의한 근로자건강진단은 의학적선별검사로 1차검사(필수검사)와 2차검사(선택검사)의 두 단계로 실시되며, - 1차검사(필수검사)는 실시대상 근로자 중 이상소견을 보이는 근로자를 1차 선별하기 위한 목적으로, 2차검사(선택검사)는 1차검사(필수검사)에서 이상소견을 보인 근로자 중 의학적으로 정상임에도 1차검사(필수검사)에서 가짜 이상소견을 보인 근로자를 찾아내거나 진짜 이상소견 근로자의 건강보호를 위하여 필요한 사후관리조치의 내용을 정하기 위한 목적으로 실시됨 ○ 이와 같이, 1차검사(필수검사)의 결과와 2차검사(선택검사)의 결과는 서로 연계되어 있을 뿐 아니라, 동일한 목적의 의학적 검사라 하더라도 건강진단기관을 달리하여 실시하는 경우에 검사인력, 검사장비, 검사기기 및 해석기준 등의 차이로 인하여 그 결과가 달라질 가능성이 있기 때문에, - 이러한 문제점을 미연에 방지하고, 검사의 연속성을 통한 건강진단의 정확성 및 신뢰성을 확보하기 위해서 1차검사(필수검사)와 2차검사(선택검사)는 반드시 동일 건강진단기관에서 정해진 기간 내에 실시하도록 하고 있음"
350101-2154,"2년(’11.1.1.~’12.12.31.)의 기간을 정하여 근로계약을 체결 - 최초 1년간의 근로에 대하여 발생한 연차 유급휴가를 ’12.1.1.부터 12.31. 까지의 기간 중 사용하여야 하나 미사용한 경우, 다음 해인 ’13.1.1. 이후 수당으로 지급 - 이 경우 기간제법 시행령 제3조제3항제5호에 따른 예외인지를 판단할 때 ’13.1.1. 발생하는 연차휴가근로수당은 ’12년 근로소득에 포함하여 계산 하여야 하는지",고용노동부,고용차별개선과-1352,2013.7.11,https://www.law.go.kr/LSW/cgmExpcInfoP.do?cgmExpcSeq=2154,"2년(’11.1.1.~’12.12.31.)의 기간을 정하여 근로계약을 체결 - 최초 1년간의 근로에 대하여 발생한 연차 유급휴가를 ’12.1.1.부터 12.31. 까지의 기간 중 사용하여야 하나 미사용한 경우, 다음 해인 ’13.1.1. 이후 수당으로 지급 - 이 경우 기간제법 시행령 제3조제3항제5호에 따른 예외인지를 판단할 때 ’13.1.1. 발생하는 연차휴가근로수당은 ’12년 근로소득에 포함하여 계산 하여야 하는지","「기간제 및 단시간 근로자 보호 등에 관한 법률」령제4조제1항 단서의 제6호 및 같은 법 시행령 제3조제3항제5호에 따르면 「통계법」 제22조에 따라 고시한 한국표준직업분류의 대분류 1과 대분류 2 직업에 종사하는 자의 「소득세법」 제20조제1항에 따른 근로소득(최근 2년간의 연평균근로소득을 말한다)이 고용노동부장관이 최근 조사한 고용형태별근로실태조사의 한국표준직업분류 대분류 2 직업에 종사하는 자의 근로소득 상위 100분의 25에 해당하는 경우 기간제근로자 사용기간 제한의 예외에 해당됨 - 이 때 계속 근로한 기간이 2년을 초과하는 시점에서 산정한 최근 2년간의 연평균 근로소득이 고용노동부장관이 최근 조사한 고용형태별근로실태조사의 한국표준직업분류 대분류 2 직업에 종사하는 자의 근로소득 상위 100분의 25에 해당하는 금액과 비교하여 그 이상인 경우 예외로 판단할 수 있음 ※ ’12.6.18. 공고52,380천원, ’13.5.10. 공고53,558천원 한편, 「소득세법」 제5조제1항에 따르면 소득세의 과세기간은 1월1일부터 12월31일까지 1년으로 한다고 하고 있고, - 같은 법 제20조제1항에서는 근로소득은 해당 과세기간에 발생한 소득으로 근로를 제공함으로써 받는 봉급ㆍ급료ㆍ보수ㆍ세비ㆍ임금ㆍ상여ㆍ수당과 이와 유사한 성질의 급여 등으로 규정하고 있음 ’12.1.1.~12.31. 기간 중 연차 유급휴가를 사용하지 아니하여 ’13.1.1. 이후 미사용한 연차 유급휴가에 대한 수당을 지급하는 경우라면, 동 수당은 ’13년 과세기간에 대한 근로소득에 해당된다 할 것임 따라서 해당 근로자의 최근 2년간(’11.1.1.부터 ’12.12.31.까지)의 연평균근로 소득을 계산할 때 ’13.1.1. 이후에 지급받은 연차휴가근로수당은 포함하지 않고 산출함이 타당하다고 사료됨"
350101-21966,2010.7.1. 이후 노조 상근간부의 신분과 처우 및 근로시간면제 한도 초과인원에 대한 현업복귀 여부,고용노동부,노사관계법제과-567,2010.8.25,https://www.law.go.kr/LSW/cgmExpcInfoP.do?cgmExpcSeq=21966,"1. 현재 노사는 교섭중이기는 하나 2010.7.19. 현재 '2009 단체협약' 또는 '근로시간면제 관련 협약서' 합의에 이르지 못한 경우, 2010.7.1. 이후 노조상근간부의 신분은 어떻게 되는지 및 이들 노조상근간부에 대한 급여 및 복리후생의 지급이정지되는지 ※ 당사는 무급휴직자에 대해 복리후생을 지급하지 않고 있음 2. 노사간 근로시간면제자를 근로시간면제 한도 내에서 합의할 경우 기존 노조 상근간부 중에서 면제 한도를 넘는 인원이 발생하는 바, 해당 인원(면제 한도 초과인원)은 당연히 현업에 복귀해야 하는지, 아니면 무급 노조전임자의 지위를 당연하게 가지는지 여부","1. 금년 7. 1.부터 근로시간면제제도가 시행됨에 따라 노조전임자에게 급여를 지급하는 것 은 부당노동행위로 금지됨 다만, 사용자의 동의에 의해 법정한도 내에서 유급처리하거나 이후 근로시간민제 한도 (시간, 인원)에 대해 노사합의가 이루어질 경우 근로시간면제자에게 소급하여 급어를 지 급하는 것은 가능하다 할 것임 2. 근로시간면제 한도를 사용할 수 있는 대상자는 고용부 고시(제2010-39호)한도 내에서 노사 당사자가 징한 근로자이므로, 근로시간면제자로 지징되지 않은 기존 노조전임자를 업무에 복귀시킬 것인지 여부는 노사가 자율적으로 정하면 될 것임 다만, 기존 노조진임자가 업무에 복귀하지 않고 새로운 제도인 근로시간면제 한도의 적 용을 받지 않는 경우에는 사용자가 급여를 지급할 의무가 없으므로 노동조합 스스로 부 담하여야 할 것임"
350101-21986,1일 소정근로시간을 초과한 근로시간면제 활동의 유급처리여부,고용노동부,노사관계법제과-406,2010.8.6,https://www.law.go.kr/LSW/cgmExpcInfoP.do?cgmExpcSeq=21986,"◆ 1일 소정근로시간을 초과하는 근로시간면제 활동시간에 대하여 노사간 자율로 유급 처리하는 경우 초과시간에 대해 가산금을 지급해야 하는지, 불가피하게 근로시간면제 한도를 초과하는 경우 개별법에 근거하여 초과시간에 대하여 유급으로처리할 수 있는지(노사협의회, 산업안전보건위원회 등 개별법에 의한 활동으로 유급근로시간면제 총량이 초과되는 경우, 개별법에 근거 유급으로 처리할 수 있는지가문제임)","1. 근로시간면제자에 대한 1일 단위의 면제근로시간은 법정근로시간의 범위 내에서 당해 사업(장)의 근로자와 사용자 사이에 정한 1일 소정근로시간 이내로 이를초과한 시간은 무급이 원칙임. 2. 다만, 근로시간면제 활동시간이 1일 소정근로시간을 초과하여 계속되는 경우 초과시간을 유급으로 하여 시간외근로수당(가산금 포함)을 지급할지 여부는 노사가 자율적으로 정할 수 있겠으며, 유급으로 정할 경우 근로시간면제자의 면제한도 총량시간에서 공제하여야 할 것임. 3. 한편, 노사가 사업장에 적용할 총 면제시간 및 인원 한도를 협의ㆍ결정한 후에이를 사용할 면제자와 연간 또는 일정 단위의 사용시간을 노조에서 사용자에게 통보하고 사용하게 될 것임. 이 경우 개인별 사용한도는 해당 기간 내 개별법령에의해 인정되는 업무를 포함하여 면제 대상 업무에 소요될 시간을 모두 포괄하여정하는 것이므로 추가적으로 특정 활동을 위해 한도를 초과하게 되면 전체 사업장에 적용될 한도를 초과할 우려가 있음. 4. 따라서 사용방식에 있어 면제한도를 고정해 놓고 사용하는 방법과 사유별 사용방법이 있으므로 미리 모든 활동을 포괄하여 한도를 정해놓은 경우 그 한도를벗어나서 유급처리하기가 어려우므로, 한도를 초과할 가능성이 크다면 사유별사용방법으로 하는 것이 바람직할 것임."
350101-22006,1사 2노조 사업장의 근로자위원 선출방법,고용노동부,노사협력정책과-3797,2009.10.22,https://www.law.go.kr/LSW/cgmExpcInfoP.do?cgmExpcSeq=22006,"● A 사업장 내에는 B사(근로자수228명)와 C사(근로자수24명)2개의 사내협력사가 있고 B사 근로자 141명과 C사 근로자 7명이 전국 △△노조 A사 사내하청지회(이하 하청지회)에 가입하고 있는 상황하에서 - 2008.8.21. B사 근로자 62명이 관할 지자체에 기업별 노조(이하 기업노조) 설립신고를 하였으나 지자체는 이미 B사 근로자 일부가 △△노조에 가입되어 있다는 이유로 설립신고증 교부를 취소하였고, 기업노조는 노조설립증교부취소처분 취소 소송을 제기하여 2009.8.24. 대법원은 지자체의 노조설립증교부취소처분은 위법하다고 판결함 ※ 2008.12.9. ○○지방법원은 하청지회는 기업단위 노조에 해당하지 않을 뿐 아니라, 지회의 단체교섭은 조합 및 지부의 방침에 따라야 하고 지회의 단체협약은 조합 위원장의 위임을 받은 경우에만 체결할 수 있는 점 등을 고려할 때 노조법 부칙 제5조제1항에 해당되지 않는다고 판결, 고등법원과 대법원도 동일하게 판결 질의1) “독립한 단체로서 활동하면서 단위노조의 위임에 의하지 아니한 독립한 단체교섭 및 단체협약 체결능력을 가지고 있지 못한” 초기업 단위 산별노조 지회가 근참법상 B사 노사협의회 근로자위원 위촉 자격이 있는지 여부? 질의2) 하청지회가 근로자위원 위촉 자격이 있다면 C사 소속 노조 간부가 B사 노사협의회 근로자위원으로 위촉될 수 있는지 여부? 질의3) B사 노사협의회 근로자위원 선출방식은 어떻게 하는 것이 적법하고 바람직한 것인지 여부?","○ 질의 1)에 대하여 - 「근로자참여 및 협력증진에 관한 법률」(이하 “근참법”이라 한다) 제4조제1항에 의거 “노사협의회는 근로조건 결정권이 있는 상시 30명 이상 근로자를 사용하는 사업 또는 사업장 단위로 설치”하도록 규정하고 있으며, 근참법 제6조제2항에 의거 “근로자위원은 근로자가 선출하되, 근로자의 과반수로 조직된 노동조합이 있는 경우에는 노동조합의 대표자와 그 노동조합이 위촉하는 자로 한다”고 규정하고 있음 - 이와 같이 노사협의회의 설치는 당해 사업 또는 사업장이 상시 근로자수가 30명 이상인지 여부와 근로조건 결정권이 있는지 여부에 따라 결정되는 것으로서 노동조합의 조직체계에 따라 설치여부를 결정하는 것은 아니며, 또한 과반수 노조에게 근로자위원을 위촉할 수 있는 권한을 부여한 취지는 과반수 노조의 근로자 대표성을 인정하여 위원 위촉의 효율성을 높이고 노조와 노사협의회(이하 “협의회”라 한다)간의 불필요한 갈등과 마찰을 방지하기 위함이라고 할 것임 - 따라서, 귀 질의내용과 같이 B사의 경우 대법원 판결에 의거 초기업별 노조와 기업별 노조가 병존하게 된 상황에서 초기업별 노조인 「△△노조 A사 사내하청지회」(이하 “하청지회”라 한다)가 “독립한 단체로서 활동을 하면서 단위노동조합의 위임에 의하지 아니한 독립한 단체교섭 및 단체협약 체결능력을 가지고 있지 않은 경우”라 하더라도 B사가 상시 30명 이상의 근로자를 고용하고 있고 근로조건 결정권이 있는 사업장이며 B사 소속 근로자의 과반수가 동 하청지회에 가입되어 있다면, 근참법 제6조제2항에 의하여 하청지회에 근로자위원 위촉 자격이 있다고 보아야 할 것임 ○ 질의 2)에 대하여 - 근참법상 노사협의회는 사업 또는 사업장에서 당해 노사 쌍방의 참여와 협력을 통해 근로자의 복지증진과 기업의 건전한 발전을 도모하기 위하여 구성하는 협의기구인 점, 근참법 시행령 제3조제2항에 ‘근로자위원 선출에 입후보하려는 자는 해당 사업이나 사업장의 근로자여야 한다’고 규정하고 있는 점 등을 고려할 때 노사협의회 근로자위원은 당해 사업장의 근로자 중에서 선출(또는 위촉)되어야 할 것임 - 따라서, 귀 질의내용과 같이 하청지회가 C사 소속 노조간부를 B사노사협의회 근로자위원으로 위촉하는 것은 타당하지 않다고 할 것임 ○ 질의 3)에 대하여 - B사 노사협의회의 근로자위원은 근참법 제6조 및 시행령 제3조에 따라 하청지회가 당해 사업장의 근로자 중에서 위촉하되, 이들 근로자위원은 B사 소속 근로자를 대표하여야 할 것이므로 하청지회의 B사 소속 조합원의 의사에 따라 위촉하는 것이 바람직할 것으로 사료됨"
350101-22008,2개의 직업능력개발훈련시설의 대표자가 동일인인 경우에 어느 하나의 시설이 위탁제한 등의 처분을 받은 경우에 다른 훈련시설에 까지 처분의 효력이 미치는 지 여부,고용노동부,인적자원개발과-1082,2009.7.24,https://www.law.go.kr/LSW/cgmExpcInfoP.do?cgmExpcSeq=22008,"지정직업훈련시설(○○ 직업전문학교)에 대한 지도감독 결과, 거짓이나 그 밖의 부정한 방법으로 출결석 관리를 한 사실이 확인되어 “계약해지 및 당해 훈련과정 대한 1년간의 위탁제한” 및 “3개월 위탁제한(기관)” 처분 예정이나, - 해당 시설의 대표자가 별도의 지정직업훈련시설을 운영(시설의 장소 및 지정받은 시기가 다름)하고 있는 경우에 처분의 효력이 별도의 지정시설에 까지 미치는 지 여부","「근로자직업능력 개발법」 제2조에 ‘지정직업훈련시설’이란 직업능력개발훈련을 위하여 설립.설치된 직업훈련원.직업전문학교 등의 시설로서 같은 법 제28조에 따라 노동부장관이 지정한 시설로 규정하고 있음 - 즉, 지정직업훈련시설은 직업능력개발훈련사업의 전형적인 사무를 수행하기 위하여 법령에 정한 인력.시설 및 장비 등의 요건을 갖추어 노동부장관의 지정을 받은 훈련시설을 의미하며, 이때 지정(指定)은 사람, 사물, 장소 등을 특정 하는 행위를 말함 - 따라서, 귀 질의와 같이 비록 지정직업훈련시설의 대표자가 동일하더라도 별도의 장소에서 시설, 장비, 인력을 갖추어 별도의 시설 지정을 받아 운영하는 경우에는 처분의 효력도 각각의 훈련시설 단위로 판단함이 타당하다고 사료됨."
350101-22364,"2006. 9. 7. 인천해양경찰서의 행정처분 의뢰에 따라, 2006.10.10 유료직업소개사업자인 동해해운취업정보(대표자 이혜원)에 대해 직업안정법(이하 “법”이라 함) 제22조제3항의 위반으로 사업정지 1월의 행정처분을 내린 바 있고, -2008. 8. 8. 대표자변경등록신고서(이혜원에서→천병인으로 변경)가 접수되어 관악구청이 관악경찰서에 범죄경력을 조회한 결과 이혜원과 천병인은 동 법 제22조제3항 위반으로 2006. 11. 22. 인천지방법원으로부터 벌금 100만원의 선고를 받은 사실이 있음을 확인함 이 경우 사업정지 1월의 행정처분 후, 인천지방법원으로부터 동 건 법 위반으로 벌금형 선고를 받은 경우, 이를 이유로 법 제36조제1항제2호에 따라 “등록취소”처분이 가능한 지 여부",고용노동부,고용서비스기획과-3510,2008.10.13,https://www.law.go.kr/LSW/cgmExpcInfoP.do?cgmExpcSeq=22364,"○ 2006. 9. 7. 인천해양경찰서의 행정처분 의뢰에 따라, 2006.10.10 유료직업소개사업자인 동해해운취업정보(대표자 이혜원)에 대해 직업안정법(이하 “법”이라 함) 제22조제3항의 위반으로 사업정지 1월의 행정처분을 내린 바 있고, -2008. 8. 8. 대표자변경등록신고서(이혜원에서→천병인으로 변경)가 접수되어 관악구청이 관악경찰서에 범죄경력을 조회한 결과 이혜원과 천병인은 동 법 제22조제3항 위반으로 2006. 11. 22. 인천지방법원으로부터 벌금 100만원의 선고를 받은 사실이 있음을 확인함 ○ 이 경우 사업정지 1월의 행정처분 후, 인천지방법원으로부터 동 건 법 위반으로 벌금형 선고를 받은 경우, 이를 이유로 법 제36조제1항제2호에 따라 “등록취소”처분이 가능한 지 여부","○ 법 제36조제1항제2호, 같은 조 제3항 및 같은 법 시행규칙 제42조제1항에 따른 별표2[행정처분기준]의 2(개별기준)-가(직업소개사업)-(10)에 따르면 유료직업소개사업자가 법 제38조에 따른 결격사유에 해당하게 된 때는 「등록취소」하도록 규정하고 있는 바, ○ 위 질의의 경우, 법 제22조제3항 위반으로 “사업정지 1월”의 행정처분을 받은 후, 동일한 건으로 법원으로부터 벌금 100만원의 형을 선고받은 경우, 등록취소 처분사유에 해당하는지에 대하여는 - 법원으로부터 받은 벌금형이 확정되어 법 제38조 각 호의 어느 하나에 해당된다면 법 제36조제1항제2호에 따라 “등록취소”처분사유가 된다고 판단됨."
350101-22366,2001. 1. 1 이전 착공공사로 안전관리자 선임시 기술지도 제외 여부,고용노동부,산안(건안) 68307-10136,2001.4.13,https://www.law.go.kr/LSW/cgmExpcInfoP.do?cgmExpcSeq=22366,법 개정 이전(2001. 1. 1일 전) 착공된 현장으로 공사금액 및 공사기간상 기술 지도 대상 사업장임. 현재까지 기술지도를 받고 있으나 개정 이후 안전관리자 선임 시 기술지도 대상 현장임이 성립되는지,"1. 산업안전보건법령의 개정으로 재해예방 전문지도기관의 기술지도를 받아야 하는 대상 공사가 공사금액 3억원 이상 100억원 미만에서 3억원 이상 120억원 (토목공사는 150억원) 미만으로 상향되었고, 기술지도 대상 사업장이라 하더라도 사업주가 산업안전보건법 시행령별표4 규정에 의한 자격자를 안전관리자로 선임하여 안전관리자의 직무만을 전담토록 하는 경우에는 기술지도를 받지 않아도 됨 2. 다만, 위 내용은 2001. 1월 1일 이후 착공되는 공사부터 적용이 되므로 귀 질의의 경우와 같이 2001. 1월 1일 이전에 착공된 공사는 안전관리자 선임과 상관없이 계속 기술지도 대상 공사임"
350101-22434,1차 및 2차 검사의 건강진단기관 분리실시 가능여부,고용노동부,산보 68340-755,2003.9.9,https://www.law.go.kr/LSW/cgmExpcInfoP.do?cgmExpcSeq=22434,"○ 산업안전보건법 제43조의 규정에 의한 건강진단 중 1차검사(필수검사)를 받은 근로자가 타지역 전출 또는 기타사유 등으로 1차검사(필수검사)를 실시한 기관에서 2차검사(선택검사)를 받을 수 없을 때, 다른 기관에서 2차검사(선택검사)를 받을 수 있는 지","○ 산업안전보건법 제43조의 규정에 의한 근로자건강진단은 의학적선별검사로 1차검사(필수검사)와 2차검사(선택검사)의 두 단계로 실시되며, - 1차검사(필수검사)는 실시대상 근로자 중 이상소견을 보이는 근로자를 1차 선별하기 위한 목적으로, 2차검사(선택검사)는 1차검사(필수검사)에서 이상소견을 보인 근로자 중 의학적으로 정상임에도 1차검사(필수검사)에서 가짜 이상소견을 보인 근로자를 찾아내거나 진짜 이상소견 근로자의 건강보호를 위하여 필요한 사후관리조치의 내용을 정하기 위한 목적으로 실시됨 ○ 이와 같이, 1차검사(필수검사)의 결과와 2차검사(선택검사)의 결과는 서로 연계되어 있을 뿐 아니라, 동일한 목적의 의학적 검사라 하더라도 건강진단기관을 달리하여 실시하는 경우에 검사인력, 검사장비, 검사기기 및 해석기준 등의 차이로 인하여 그 결과가 달라질 가능성이 있기 때문에, - 이러한 문제점을 미연에 방지하고, 검사의 연속성을 통한 건강진단의 정확성 및 신뢰성을 확보하기 위해서 1차검사(필수검사)와 2차검사(선택검사)는 반드시 동일 건강진단기관에서 정해진 기간 내에 실시하도록 하고 있음"
350101-22446,2근무일 1휴무일 형태의 복격일제 근로형태에서 특정근로일과 휴무일 중 하루를 휴가로 사용할 경우 휴가 사용일수는,고용노동부,근기 68207-3014,2002.10.7,https://www.law.go.kr/LSW/cgmExpcInfoP.do?cgmExpcSeq=22446,"○택시회사의 연.월차 유급휴가 산정과 관련한 질의임. 단체협약에 따라 연.월차휴가 발생은 근로기준법에 준하며 근로형태는 2일 근무(근무시간：13.5시간), 1일 휴무로 월 18일이 만근으로 되어있고 급여체계는 30일로 나누어 휴무일에도 급여가 적용되는 근로형태에서 ○질의1) 근로자가 근무일(소정근로일)인 연속 2근무일에 연.월차 유급휴가 신청시 또는 위 근무일 2일 중 마지막 1근무일에 연.월차 유급휴가 신청시 연.월차 유급휴가사용일수를 몇 일로 보아야 하는지 ○질의2) 근로자가 비번일과 다음 근무일 2일 중 첫 근무일에 연.월차 유급휴가 신청시 연.월차 유급 휴가사용일수를 몇 일로 보아야 하는지 ○질의3) 근로자가 2일 근무 또는 1근무일을 결근하였을 경우 몇 일을 결근한 것으로 처리할 수 있는지 ○질의4) 위 소정 근로일에 연.월차 유급휴가 사용시 월차 유급휴가를 먼저 사용하고 연차유급휴가를 사용해야하는지 아니면 순서 없이 사용하여도 가능한지 갑설)연.월차 유급휴가는 소정근로일에 부여됨이 원칙이므로 연.월차 유급휴가를 사용한 당초 근무하기로 정하여진 소정근로일에만 동 휴가를 사용한 것으로 보아야 하며 소정근로일에 결근한 일수만 결근으로 처리하여 하고 전년도 근무로 인하여 발생한 연차유급휴가와 기 발생된 월차유급휴가(적치된 휴가 포함) 중 근로자가 지정하여 사용자가 시기변경권을 행사하지 않은 한 근로자는 동 휴가를 자유롭게 사용할 수 있음. 을설)격일제(1일근무 1일 휴무, 24시간 근무) 근로형태에 있어서 질의회시 내용(근기 68207-3288, 2001. 9. 26)과 같이 위와 같은 2일 근무 1일 휴무의 경우에도 동일하게 적용되므로 연.월차 유급휴가를 사용한 당초 근무하기로 정하여진 소정 근로일과 비번일에 동 휴가를 사용한 것으로 보아야 하며 소정근로일에 결근한 일수와 비번일을 포함하여 결근으로 처리하여야 하고 전년도 근무로 인하여 발생한 연차유급휴가와 기 발생된 월차유급휴가(적치돤 휴가포함) 중 근로자가 지정하여 사용자가 시기 변경권을 행사하지 않은 한 근로자는 동 휴가를 자유스럽게 사용할 수 있으므로 동 휴가를 순서 없이 사용 가능함.","○연.월차휴가는 근로자가 청구하는 시기에 주어야 하므로 근로자가 휴가사용을 청구한 날에 한하여 휴가를 사용한 것으로 보아야 함. 따라서, 2근무일 1휴무일 형태의 교대제 근로인 경우 휴가사용일을 특정한 경우에는 그 특정한 날에 대해서만 휴가로 처리해야 하며, 근기 68207-3288(2001. 9. 26)은 격일제 근로자의 경우에만 적용됨을 알려드림. 결근여부에 대해서도 위에 준하여 판단하기 바람. ○사용자는 휴가를 사용한 날에 대해서는 임금을 지급할 의무가 없으나, 취업규칙 기타로 정하는 바에 따라 휴가일에 대하여 통상임금 또는 평균임금을 지급해야 함. 통상임금으로 지급하는 경우에는 특별한 사정이 없는 한 일급통상임금을 지급하면 되며 근로기준법 제55조에 의한 가산임금은 지급할 필요가 없다고 사료됨. 한편, 연.월차휴가 사용의 순서에 대해서는 근로자가 자유로이 선택할 수 있다고 사료됨."
350101-2280,1주간 주중 근로와 주말 근로의 근로시간이 다른 경우 감시·단속 적 근로 종사자에 대한 적용제외 승인 여부,고용노동부,근로기준정책과-8680,2018.12.28,https://www.law.go.kr/LSW/cgmExpcInfoP.do?cgmExpcSeq=2280,초등학교에서 근무하는 경비원이 1주간에 야간근로(평일)와 24시간근로 (주말ㆍ공휴일)를 혼재하여 수행하는 경우 감시ㆍ단속적 근로자 적용제외 승인 요건 충족 여부,"초등학교에 근무하는 경비원은 학교 시설의 정기적 순찰 등 감시업무를 주된 업무로 하고 있어 감시적 근로에 해당하고 「근로감독관집무규정」 제68조 제1항의 요건을 모두 갖춘 경우에는 감시적 근로 종사자에 대한 적용제외 승인이 가능함.「근로감독관 집무규정」 제68조제1항제3호에서 규정한 ‘사업주 지배하에 있는 1일 근로시간’이란 휴게시간을 제외한 근로시간을 의미하며, - 동 집무규정 제68조제3항에 따라 제1항 및 제2항의 근로시간은일정기간(주 또는 월 등)의 평균적 개념으로 산정함.귀 지청 질의와 같이 초등학교에서 근무하는 경비원이 1주간 주중 (월~금) 근로와 주말(토~일) 근로의 근로시간이 다르더라도 업무성질, 근로시간 등의 동 집무규정 제68조제1항의 요건을 충족하는 경우라면 적용제외 승인이 가능함. - 즉, 일정기간(주 또는 월 등)을 평균하여 사업주의 지배하에 있는 1일 근로 시간(휴게시간을 제외한 근로시간)이 12시간 이내인경우 또는 격일제(24시간 교대) 근무로서 휴게시간이 8시간 이상확보되어 있는 경우에 해당하면 적용 제외 승인 가능"
350101-2282,1주일간의 지각 또는 조퇴시간을 합산하여 8시간이 되면 1일 결근으로 간주하여 유급휴일수당을 지급하지 않아도 되는지,고용노동부,근로기준과-5560,2009.12.23,https://www.law.go.kr/LSW/cgmExpcInfoP.do?cgmExpcSeq=2282,"전제, [주40시간제 시행사업장(소정근로일：월~금요일), 임금형태：시급제, 주휴일：일요일, 1일소정근로시간：8시간]인 회사임. 개근이란 소정근로일에 출근을 한 것을 의미하는 것이므로 지각이나 조퇴의 경우는 결근이 아니어서 해당 시간당임금을 공제할 수는 있어도 주휴일의 부여(주휴수당 지급)에는 영향이 없는 것으로 알고 있음. 그런데, 1주일간의 지각 또는 조퇴시간을 합산하여 8시간이 되면 이를 결근 1일로 간주하여 주휴수당을 지급하지 않아도 되는지 ? 지각ㆍ조퇴를 하여도 주휴수당을 지급하기는 하되, 근무한 시간을 합산하여 1주 소정근로시간 비율로 주휴수당을 지급한다면 이것도 법위반이 되는 것인지 ? (예를 들면 지각ㆍ조퇴시간을 제하고 근무한 시간이 32시간이라면, <32시간/40시간×8시간 = 6.4시간분>을 주휴수당으로 지급하는 경우) 예비군훈련통보서상에 훈련시간이 오전 4시간으로 명시되어 있고 오후에는 출근하기로 정하였는데 근로자가 오후에 회사에 출근을 하지 않았음. 이 경우 오전 4시간분에 대하여는 유급처리하였으나 오후에는 회사에 나오지 않았으므로 이 날을 결근으로 보아 그 주에 주휴수당을 지급하지 않아도 되는 것인지 ? 오후 근무를 하지 않았어도 출근한 것으로 보아야 하는지 ?","「근로기준법」 제55조 규정에 따라 사용자는 근로자에게 1주일에 평균 1회 이상의 유급휴일을 주어야 하는 바, - 여기서 ‘1주일’이라 함은 특정일을 기준으로 하여 연속한 7일의 기간을 의미하는 것으로 반드시 월력에 의한 일요일부터 토요일까지로 해야 하는 것은 아님.(근기 01254-223, 1992.2.15.；근기 68207-1540, 2001.5.12. 등 참조) 귀 질의의 내용이 일부 불분명하여 명확한 회신은 드리기 어려우나, 귀 질의와 같이 주중인 3.2.(화)부터 근로를 제공한 경우 근로계약, 취업규칙 등에서 일정한 날을 주휴일로 특정하지 않았다면 - 근로제공일(3.2.)로부터 연속한 7일의 기간 중에 1일을 주휴일로 부여하여야 할 것으로 사료됨."
350101-2302,2교대 근무를 함에 있어 근무조별로 다른 요일이 주휴일에 해당함에 따라 할증임금 적용을 서로 다르게 할 수 있는지,고용노동부,근로기준과-5410,2004.10.11,https://www.law.go.kr/LSW/cgmExpcInfoP.do?cgmExpcSeq=2302,"○ 당사 임금규정 제50조 제2항은 “시급제 직원이 주휴일에 근무시에는 실근무시간에 대하여 제2시급(시간급 통상임금의 50%를 가산한 금액)을 승한 금액을 주휴일근로수당으로 지급하며, 동일 8시간을 초과하는 연장근로시간과 22시 이후 06시까지 사이의 야간근로시간에 대하여는 각각 개인별 시간급 통상임금의 50%를 가산한 금액을 주휴근로수당에 합산하여 지급한다.”고 규정하여 휴일(주휴, 약정휴일) 8시간 초과하는 근무에 대하여 기본휴일할증과 별도로 50% 추가 할증하고 있음. ○2교대 근무자 근무시간산정 - 2교대 근무 편성표(주 44시간 근무 기준) : 2004년 7월 1일 이전 구 분 시 간 월 화 수 목 금 토 일 합 계 1조 (8시～16시) 실근무시간 8 8 8 8 8 16 (8시～24시) 배휴 (유급주휴) 56 할증포함시간 8 8 8 8 8 8＋6＋12＋1 8 75 2조 (16시～24시) 실근무시간 8 8 8 8 8 배휴 (유급주휴) 16 (8시～24시) 56 할증포함시간 8 8 8 8 8＋6 8 8＋12＋1 75 - 2교대 근무 편성표(주 40시간 근무 기준) : 2004년 7월 1일 부터 구 분 시 간 월 화 수 목 금 토 일 합 계 1조 (8시～16시) 실근무시간 8 8 8 8 8 16 (8시～24시) 배휴 (유급주휴) 56 할증포함시간 8 8 8 8 8 8＋12＋12＋4 8 85 2조 (16시～24시) 실근무시간 8 8 8 8 8 배휴일 (유급주휴) 16 (8시～24시) 56 할증포함시간 8 8 8 8 8＋12 8 8＋12＋1 81 ○ 즉, ①2교대 1조의 경우 주휴일이 일요일이고, 토요일도 주 40시간 근무로 인하여 휴일이 됨에 따라 토요일 16시간 근무시 8시간을 초과하는 8시간에 대해 할증 4시간을 지급하지만, ②2교대 2조의 경우 달력상 토요일이 본인들의 주휴일이고 달력상 일요일은 평일에 불과하므로 8시간을 초과하여 근무하였다해도(2교대 2조는 달력상 일요일 16시간 근무) 초과분에 대해 50% 기본할증만 하여, 임금규정 제50조 제1항에 의한 휴일 8시간 초과시 추가할증 50%(4시간)은 지급치 않음. ○당사 임금규정 제50조 제1항 중 “주휴일에 8시간을 초과하는 연장근로시간의 50% 추가 할증”의 2교대 근무자에 대한 적용 방법에 대해, ○1설) 현재 적용과 같이 ① 2교대 1조의 경우 주휴일이 일요일이고, 토요일도 주 40시간 근무로 인하여 휴일이 됨에 따라 토요일 16시간 근무시 8시간을 초과하는 8시간에 대해 추가 할증 4시간을 지급하지만, ② 2교대 2조의 경우 달력상 토요일이 본인들의 주휴일이고 달력상 일요일은 평일에 불과하므로 8시간을 초과하여 근무하였다 해도(2교대 2조는 달력상 일요일 16시간 근무) 초과분에 대해 50% 기본할증만 하며, 임금규정 제50조 제1항에 의한 휴일 8시간 초과시 추가할증 50%(4시간)은 지급치 않음. ○2설) 주 40시간 근무제 실시로 토요일이 주휴일로 간주됨에 따라 ① 2교대 1조의 경우 현재 적용에 이의 없지만, ② 2교대 2조의 경우 주 40시간을 초과하여 근무하는 날은 달력상 일요일이 되므로 달력상 일요일을 2교대 1조의 토요일과 동일하게 간주할 수 있음. 따라서 달력상 일요일 16시간 근무한 2교대 2조 역시 8시간을 초과한 근로에 대해 임금규정 제50조 제1항을 적용하여 추가 50% 할증(4시간)을 2교대 1조와 동일하게 지급하여야 함. ○ 양 주장 중 어느 것이 타당한지","○ 사용자는 근로기준법 제54조 및 동법 시행령 제25조의 규정에 의한 주휴일을 1주일에 평균 1회 이상 부여하면 되며, 반드시 일요일 등 특정일에 부여하여야 할 의무는 없는 것이므로 노사당사자는 단체협약이나 취업규칙 등으로 특정일을 주휴일로 정할 수 있을 것이며, 귀 질의서와 같이 근무조별로 다른 날(요일)을 주휴일로 정하더라도 무방할 것임. ○ 따라서, 귀 질의서의 사업장과 같이 2개의 근무조 중 ‘1조’는 매주 일요일을 주휴일로 정하고 있으나, ‘2조’는 매주 토요일을 주휴일로 정하고 있을 경우 다음 날인 매주 일요일은 주휴일이 아닌 소정근로일로 보더라도 무방하다 할 것임. 요컨대, 귀 질의의 경우 1설)이 타당하다고 사료됨."
350101-2324,1년간 지급받은 상여금을 평균임금 대상금품에 산입하는 방법,고용노동부,임금 68207-120,2003.2.24,https://www.law.go.kr/LSW/cgmExpcInfoP.do?cgmExpcSeq=2324,"○직원 3명이 퇴직금 중간정산을 신청하여, 퇴직금계산을 하려고 하는데 상여금 계산 때문에 의문이 있음. 퇴직금 중간정산 기준일 : 2003. 1. 31 상여금 계산시 중간정산 기준일로부터 1년치를 기준으로 3개월치 평균임금을 구하는데, 위의 3명은 2002. 2. 1～2003. 1. 31동안 7번의(700%) 상여금을 받았음. 회사취업규칙에는 매분기, 설, 추석에 각 100% 지급하기로 되어있으나, 직원 3명은 위 기간동안 ’02년 구정, ’03년 구정 상여금을 받아 700%가 된 것임. 이 경우 평균임금 산정대상 상여금을 600%로 해야하는지, 700%로 해야하는지","○퇴직금 산정의 기초가 되는 평균임금은 근로기준법 제19조 규정에 의거 이를 산정하여야 할 사유가 발생한 날 이전 3월간에 그 근로자에 대하여 지급된 임금총액을 그 기간의 총일수로 나눈 금액을 말함. ○상여금의 지급 등에 대하여는 노동관계법에 별도 규정되어 있지 아니하나, 취업규칙 등에 지급조건, 금액, 지급시기가 정해져 있거나 전 근로자에게 관례적으로 지급하여 사회통념상 근로자가 당연히 지급 받을 수 있다는 기대를 갖게 되는 경우에는 근로의 대상성을 갖는 임금으로 보고 있음. ○한편 상여금의 지급률을 연간단위로 설정하여 1개월을 넘는 단위로 지급하고 있는 경우에는 이를 지급 받은 그 월의 임금으로 취급하여 일시에 전액을 평균임금에 산입하는 것이 아니며, 평균임금을 산정하여야 할 사유가 발생한 날 이전 12개월의 기간동안에 지급 받은 상여금 전액을 그 기간동안의 근로월수로 분할 계산하여 즉, 3/12을 평균임금산정 기준 임금총액에 산입함. -반면에 근로월수가 1년 미만인 경우에는 당해 근로월 중에 지급 받은 상여금 전액을 그 근로월수로 분할 계산하여 평균임금산정 기준 임금총액에 산입하여야 함. ○따라서 귀 질의와 같이 상여금의 지급률이 연간단위로 확정되어 있는 상황에서 역일상 1년의 기간 내에 동일한 명목의 상여금(귀 질의상 설 상여금)이 중복됨으로써 결과적으로 연간 지급률을 초과하여 상여금을 지급한 경우라 하더라도 평균임금 산정의 기초가 되는 임금총액에는 연간단위의 지급률을 한도로 계산된 상여금만을 분할하여 산입하는 것이 타당하다고 사료됨."
350101-23602,20억원 미만 공사에서 관리책임자 및 무자격 안전관리자 업무수당 사용여부,고용노동부,산안건안) 68307-10307,2002.7.3,https://www.law.go.kr/LSW/cgmExpcInfoP.do?cgmExpcSeq=23602,"○ 공공기관에 도급받아 시행중인 20억원 미만 아파트 전기공사(아파트 9개동 옥내전기공사, 고압수변전설비 전기공사, 가로등 공사, 교통신호등 공사)를 시행함에 있어 안전관리비의 인건비는 총액의 40% 범위내에서 집행되어야 하나 착공신고시 안전관리 조직표상에 안전관리 총괄책임자(노동부 신고의무 사항이 아니어서 인건비는 계상하지 않음), 안전관리자(노동부신고 사항이 아니어서 인건비는 계상하지 않음), 안전담당자 2명으로 선임되어 있음 ○ 위 공사에 있어서 20억원 미만의 공사이므로 안전관리총괄책임자 및 안전관리자 선임의무는 없지만 조직표 상의 실수와 안전담당자 이적으로 인한 안전관리총괄책임자(서류상) 및 안전담당자 역할을 성실히 수행을 하였다면 총괄책임자와 안전관리자에게 안전담당자에게 지급되는 급여액의 10% 미만의 업무수당을 지급하여도 되는지 여부(단, 서류상 안전담당자 2명을 따로 선임하지 않고 총괄책임자와 안전관리자로 선임된 자가 그 업무를 대신함)","ㆍ 인터넷 설치기사가 전신주에 올라가서 단자함에 통신선을 연결하는 작업과 관련하여, 단자함에 통신선을 연결하는 작업은 시설물의 설치ㆍ해체ㆍ점검 및 수리 등의 작업에 해당하는 것으로 볼 수 있고 전신주에는 여러 전선, 통신선이 연결되어 있어 전선 등에 접촉될 경우 감전의 위험이 있으므로 - 해당 작업은 「산업안전보건법」 시행령 제11조제9호 ‘공중 전선에 가까운 장소로서 시설물의 설치ㆍ해체ㆍ점검 및 수리 등의 작업을 할 때 감전의 위험이 있는 장소’로 보아야 할 것으로 판단됨"
350101-237200,1년간의 연장·야간·휴일근로시간을 계산하여 다음연도에 선택적 보상휴가를 부여하고 미사용분에 대하여 그 다음연도에 금전보상하는 내용의 노사합의가 유효한지,고용노동부,근로기준과-779,2005.2.14,https://www.law.go.kr/LSW/cgmExpcInfoP.do?cgmExpcSeq=237200,"노사서면 합의에 의거, 1년간의 연장ㆍ야간ㆍ휴일근로시간을 계산하여, 다음연도 1월 1일에 휴가로 부여하고 1년간 사용하게 하며, 미사용한 휴가를 그 다음연도 1월 급여지급 시에 금전으로 보상해 줄 경우, 연장ㆍ야간ㆍ휴일근로시간이 최초로 발생한 년도로부터(선택적보상휴가를 사용하지 않았을 경우) 2년 후에야 금전보상을 받게 되는 사항에 대해 위법사항이 있는지 여부를 가려주시기 바람.","◆ 우리사주조합원은 근로자복지기본법 제2조(현행 제2조)에 따라 직업의 종류를 불문하고 임금.급료.그 밖에 이에 준하는 수입에 의하여 생활하는 자를 말하는 바, 정년연장제도에 따라 정년이 연장되는 경우 근로기간의 단절이 없었다면 조합원 자격을 유지할 것으로 판단됨을 알려드리니 업무에 참고 하시기 바랍니다."
350101-237372,1개월을 초과하는 주기로 지급하는 임금을 총액의 변동 없이 매월 지급하는 것으로 취업규칙을 변경할 때 유효 요건,고용노동부,근로기준정책과-5546,2019.11.4,https://www.law.go.kr/LSW/cgmExpcInfoP.do?cgmExpcSeq=237372,"취업규칙 불이익 변경 동의 절차를 거친 경우는 근로계약서에 우선하여 근로 내용이 변경된다는 내용이 「최저임금법」 제6조의2 취업규칙 개정 특례조항을 통해 ‘의견청취’를 거친 경우에도 동일하게 적용된다고 볼 수 있는 것인지취업규칙 개정을 위한 의견청취 절차가 불완전한 경우 취업규칙 개정이 무효가 되는 것은 아니고, 「근로기준법」 제94조 위반에 따른 처벌을 받을 뿐이라는 판례가 있는데, 「최저임금법」 제6조의2에 따른 개정 시에도 유효한지","첫 번째 문의사항과 관련하여, 「최저임금법」 제6조의2는 ‘1개월을 초과하는 주기로 지급하는 임금을 총액의 변동 없이 매월 지급하는 것으로 취업규칙을 변경하려는 경우’ 취업규칙 변경절차(근로자 과반수의 의견청취를 받으면 되는지, 동의를 받아야 하는지)에대한 현장의 혼란을 예방하고자 법률 개정을 통해 이를 명확히 한것으로, 특례 조항에 따라 근로자 과반수의 의견청취를 통해 취업규칙을 개정한 경우에도 취업규칙 개정 효력은 동일함.두 번째 문의사항에 대하여는 ‘개정 최저임금 법령 설명자료’(2019.1월) 78페이지에도 나와있듯이 ‘1개월을 초과하는 주기로 지급하는 임금을 총액의 변동 없이 매월 지급하는 것으로 취업규칙을 변경’하는 경우, 근로자 과반수 의견청취를 받지 못했다 하더라도 개정 취업규칙은 유효함. 다만, 취업규칙 개정 절차 미준수에 따른 벌금(500만원 이하)의 제재를 받을 수 있음을 알려드림."
350101-26824,2개의 사업장에서 근무하는 경우 어느 사업장을 기준으로 단시간근로자의 소정근로시간을 산정해야 하는지,고용노동부,고용차별개선정책과-330,2009.2.17,https://www.law.go.kr/LSW/cgmExpcInfoP.do?cgmExpcSeq=26824,"일반회사(주근무지)에 다니는 근로자가 대학교 시간강사로 1주에 6~10시간 정도 출강할 경우, 「기간제법」 상 사용기간 제한 예외로 인정되는 “초단시간근로자”에 해당하는지 여부를 판단함에 있어, 대학에서 시간강사로 강의한 시간만을 산정하는 것인지 아니면 주근무지(일반회사)의 소정근로시간까지 포함하는지 여부","1. 기업별 노조의 경우 그 설립단위 내지 조직의 근거가 되는 기업이 소멸함에 따라 당해 노조도 소멸ㆍ해산되는 것으로 보는 것이 원칙이나, 기업 합병 등의 경우에는 합병 등으로 인해 소멸된 기업의 권리ㆍ의무가 합병 후 존속 또는 신설된 기업에 포괄적으로 승계되는 것이므로 근로자의 고용 및 기타 근로계약상의 지위도 승계되는 것으로 보아야 하며(같은 취지: 대법원 '94. 10. 25. 선고, 93누21231 판결), 이 경우 당해 근로자들을 구성원으로 하는 노동조합의 지위도 승계되는 것으로 보는 것이 타당할 것임. - 아울러 하나의 기업 내 사업장간 통ㆍ폐합의 경우에도 노동조합 승계 문제를 이와 달리 볼 이유는 없으므로, 사업장간 통ㆍ폐합 전후의 인적구성 등 실질적 동일성이 인정되는 경우라면 노조간 통합 등 특별한 사정이 없는 한 이전하는 사업장에 조직된 노동조합이 자동적으로 소멸된다고 보기는 어려울 것임. 2. A사업장과 B사업장에 각 사업장 소속 근로자들을 조직범위로 하는 노동조합이 각각 조직되어 있는 상황에서 B사업장을 매각하고 시설 및 인력 대부분을 A사업장으로 이전ㆍ전보 조치하는 경우, 사업장 이전ㆍ통합 후에도 B사업장 조합원이 A사업장으로 전보되어 여전히 귀사와 근로관계를 맺고 있어 조합원 구성 등 실질적 동일성이 인정 되는 경우라면 B사업장이 이전ㆍ통합되었다는 이유만으로 B사업장의 노동조합이 소멸 된다고 보기는 어려울 것임."
350101-27102,1년 단위로 기간제노동자 채용 시 계속근로기간 등,고용노동부,고용차별개선과-2530,2017.11.1,https://www.law.go.kr/LSW/cgmExpcInfoP.do?cgmExpcSeq=27102,"□ 중앙동행정복지센터에서 ○○시 평생학습원의 업무를 위임받아 중앙동 평생 학습센터를 운영 중. 평생학습센터 운영 및 관리를 위해 기간제근로자를 채용 * A) 김○화 : ’16.2.15.~’16.12.19. 1년간 채용공고(공개)에 의한 채용 후 ’17.2.1.7~’17.12.15. 재채용 B) 이○정 : ’17.2.17.~2년간 계약 ① ’17년 사업 종료 후 4대보험 정산과 사역 종료절차가 완결되면 ’18년 사업 개시에 따라 재채용 가능 여부 ② A 근로자가 사업이 없는 두 달 동안 다른 사업체에 취업하지 않은 경우, ’18년 동일사업에 기간제근로자로 재채용 가능여부 ③ A와 연관하여 재계약(채용)이 종전 계약의 갱신과 신규채용 중 어느 것으로 판단하여야 하는지와 2년 이상 채용 시 지속적으로 고용하여야 하는지 여부","1. 「노동조합 및 노동관계조정법」 시행령 제14조의10 제3항은 교섭대표노동조합으로 결정된 날부터 1년 동안 단체협약을 체결하지 못한 경우에는 어느 노동조합이든지 사용자에게 교섭을 요구할 수 있다고 규정하고 있음. - 귀 질의의 구체적인 사실관계를 확인할 수 없어 정확한 답변을 드리기는 어려우나, 어느 노동조합도 교섭요구가 없는 상태에서 단체협약(임금협약 포함)을 체결하였다면 그 단체협약의 효력발생일로부터 2년간 교섭대표노동조합의 지위를 유지한다 할 것임."
350101-27714,120억원 미만 2개 현장 안전관리자 중복 배치여부,고용노동부,산안(건안) 68307-10588,2001.12.4,https://www.law.go.kr/LSW/cgmExpcInfoP.do?cgmExpcSeq=27714,"120억원 미만 현장이 2개 이상일 때 각각의 현장에 대하여 1명의 안전관리자를 중복 배치할 수 있는지(각각의 현장에 기술지도 계약은 체결되어 있으며, 각각의 현장은 각기 다른 조직에 의해 관리됨) 1. 1인의 안전관리자를 2 이상의 현장에 중복 배치할 수 있는 경우가 있는지 2. 안전관리자를 중복 배치할 수 있다면 안전관리비 정산시 안전관리자의 급여를 현장 수로 나누어 산정할 수 있는지 3. 안전관리자를 선임하라는 발주처의 요구시 반드시 선임하여야 하는지(법상 안전관리자의 무 선임대상이 아님)","1. 산업안전보건법 시행령 제12조의 규정에 의거 공사금액이 120억원(토목공사업에 속하는 공사는 150억원) 또는 상시 근로자 300인 미만인 건설공사는 안전관리자 선임의 무 대상이 아니므로, 이러한 공사현장에서의 안전관리자의 선임 여부와 2개 이상의 공사현장에 동일한 안전관리자의 중복 선임 여부는 자율적으로 판단할 사항임 2. 공사 금액이 위의 기준 이상일 때에는 당해 현장의 안전관리 업무만을 전담하는 안전관리자를 두도록 규정하고 있으나, 2개 이상의 공사가 동일한 시공자, 공사관리 조직 및 체계 하에서 시공되고 장소적으로도 근접하는 등의 조건을 갖춘 경우에는 이를 하나의 사업장으로 간주하여 안전관리자를 선임할 수 있다고 사료됨 3. 이 경우 안전관리자의 인건비 정산에 대해서는 별도로 규정하고 있지는 않으나 해당 현장의 공사 비중 등에 따라 적절하게 배분하여 사용하면 될 것으로 사료됨 4. 위 ‘1’에서 언급한 바와 같이 산업안전보건법상 공사금액이 120억원(토목 공사는 150억원) 또는 상시 근로자 300인 미만인 공사현장은 안전관리자 선임의무가 없음. 따라서, 이러한 공사현장에 대한 발주자의 안전관리의 선임 요구에 대한 이행 여부는 계약 당사자 간에 공사계약 내용 등에 따라 처리 하여야 할 것으로 사료됨"
350101-279490,‘06.5.18자로 직업안정법 제21조 위반으로 등록취소된 사업자의 딸이 다른 장소에 유료직업소개등록신청시 신규등록을 받아주어야 하는 지 여부,고용노동부,고용서비스혁신단-4297,2006.7.20,https://www.law.go.kr/LSW/cgmExpcInfoP.do?cgmExpcSeq=279490,○ ‘06.5.18자로 직업안정법 제21조 위반으로 등록취소된 사업자의 딸이 다른 장소에 유료직업소개등록신청시 신규등록을 받아주어야 하는 지 여부,"○ 직업안정법시행령 제21조에 의거 유료직업소개사업의 등록을 할 수 있는 자의 등록요건을 충족하고 동법 제20조(유료직업소개사업의 등록제한) 및 제38조(결격사유)에 해당하지 않는다면 귀 질의상의 등록취소된 사업자의 딸이라는 이유로 법상 유료직업소개사업등록을 할 수 없다고 보기 어려울 것임. - 다만, 유료직업소개사업자의 등록요건에 해당하는 자인 경우에도 직업소개사업자가 사업소에 근무하면서 종사자를 직접 관리.감독하여 직업소개행위와 관련된 비위사실이 발생하지 아니하도록 할 수 있는지 등 직업안정법시행령 제25조의 「유료직업소개사업자의 준수사항」을 지킬 수 있는 자인지 여부를 고려하여 관할 행정관청에서 등록여부를 결정하여야 할 것으로 사료됨."
350101-279762,1 년간 정년연장하는 조합원의 자격유지 여부,고용노동부,퇴직연금복지과-795,2008.12.29,https://www.law.go.kr/LSW/cgmExpcInfoP.do?cgmExpcSeq=279762,◆ 단체협약상 조합원의 정년이 만 58세이고，1년간 정년연장제도를 시행중인 바， 이 경우 1년간 정년연장하는 조합원의 경우 조합원 자격을 유지할 수 있습니까?,"우리사주조합원은 근로자복지기본법 제2조(현행 제2조)에 따라 직업의 종류를 불문하고 임금ㆍ급료ㆍ그 밖에 이에 준하는 수입에 의하여 생활하는 자를 말하는 바, 정년연장제도에 따라 정년이 연장되는 경우 근로기간의 단절이 없었다면 조합원 자격을 유지할 것으로 판단됨."
350101-28182,20억 미만 공사에서의 안전관리자 선임,고용노동부,산안(건안) 68307-10423,2001.9.3,https://www.law.go.kr/LSW/cgmExpcInfoP.do?cgmExpcSeq=28182,"공사 착공서류를 제출 시 안전관리자 선임건에 20억원 미만의 공사시에는 무자격 으로 안전관리자를 지정하는 것으로 되어 있는데 맞는지, 소정의 교육을 받지 않고 그냥 대표이사가 지정하면 되는지, 소정의 교육이라면 무자격자가 어느 교육을 받아야 하는지 여부","1. 산업안전보건법 제15조, 동법 시행령 제12조별표3의 규정에 의거 건설공사의 사업주는 공사금액이 120억원(건설산업기본법 시행령별표 1의 토목공사는 150억원) 이상 또는 상시 근로자 300인 이상을 사용할 때에는 자격이 있는 안전관리자를 선임하여 안전관리 업무를 전담 수행하도록 규정하고 있음 2. 따라서, 공사금액 20억원 미만이라면 안전관리자 선임대상 공사가 아니며, 그에 대한 교육절차도 당연히 규정하고 있지 아니함 3. 참고로 3억원 이상 120억원(토목공사는 150억원) 미만의 건설공사와 1억원 이상 120억원 미만 전기 ㆍ정보통신공사는 재해예방 전문지도기관으로부터 기술지도를 받아야 하며, 기술지도 대상이라도 유자격자를 전담 안전관리자로 선임할 때에는 기술지도가 면제됨"
350101-28212,06.1.1 이후 채용시 건강진단 비용의 산업안전보건관리비 사용가능 여부,고용노동부,산업안전팀-1961,2005.12.28,https://www.law.go.kr/LSW/cgmExpcInfoP.do?cgmExpcSeq=28212,06.1.1 이후 채용 시 건강진단을 사업장 자율적으로 실시할 경우 산업안전보건 관리비로 사용 가능한지 여부,"건설업 산업안전보건관리비계상 및 사용기준(노동부 고시제2005-32호, 2005. 12. 5) 별표2 산업안전보건관리비의 항목별 사용내역 항목 6. (근로자의 건강관리비 등)에 의하면 “법 제43조의 규정에 의한 근로자 건강진단에 소요 되는 비용”은 산업안전보건관리비로 사용이 가능함 다만, 채용 시 건강진단은 근로자를 채용한 후에 해당 업무에 적합 여부를 판단하여 근로자 건강을 보호하려는 취지로 운영되어 왔으나 동 건강진단이 오히려 질병이 있는 자에 대하여 고용 기회를 박탈하는 수단으로 활용되는 등의 폐단이 있어 산업안전보건법 시행규칙(노동부령제231호, 2005.10.7) 개정으로 채용시 건강진단이 폐지되었음 따라서’06.1.1. 이후 채용시 건강진단을 사업장 자율적으로 실시하더라도 당해 비용은 산업안전보건관리비로 사용이 불가할 것으로 사료되며, 동규정은 현재 진행 중인 공사현장뿐만 아니라 앞으로 개설하는 모든 공사현장에 공히 적용됨"
350101-28292,2001. 1. 1 이전에 착공된 공사현장에서 퇴직한 안전관리자 대신 기술지도로 대체 가능여부,고용노동부,산안건안) 68307-10013,2002.1.14,https://www.law.go.kr/LSW/cgmExpcInfoP.do?cgmExpcSeq=28292,"당 현장은 토목공사 현장으로 총 공사비 130억 중(1998년 12월에 착공) 현재 2002년 1월 4일 잔여공사가 약 37억을 남겨두고 안전관리자가 퇴직을 해서 건설재해예방전문지도기관과 계약을 체결하려고 했으나, 감리단이 반대하고 있어 안전관리자를 채용해야 되는지","1. 산업안전보건법령의 개정으로 재해예방 전문지도기관의 기술지도를 받아야 하는 대상 공사가 공사금액 3억원 이상 100억원 미만에서 3억원 이상 120억원 (토목공사는 150억원) 미만으로 상향되었고, 기술지도 대상 사업장이라 하더라도 사업주가 산업안전보건법 시행령별표4 규정에 의한 자격자를 안전관리자로 선임하여 안전관리자의 직무만을 전담토록 하는 경우에는 기술지도를 받지 않아도 됨 2. 다만, 위 내용은 2001. 1월 1일 이후 착공되는 공사부터 적용이 되므로 귀 질의의 경우와 같이 2001. 1월 1일 이전에 착공된 공사는 안전관리자 선임과 상관없이 계속 기술지도 대상 공사임"
350101-28962,2010. 7. 1. 이후 노조 상근간부의 신분과 처우 및 근로시간면제 한도 초과인원에 대한 현업복귀 여부,고용노동부,노사관계법제과-567,2010.8.25,https://www.law.go.kr/LSW/cgmExpcInfoP.do?cgmExpcSeq=28962,"1. 현재 노사는 교섭중이기는 하나 2010. 7. 19. 현재 '2009 단체협약 또는 '근로시간면제 관련 협약서' 합의에 이르지 못한 경우, 2010. 7. 1. 이후 노조상근간부의 신분은 어떻게 되는지 및 이들 노조상근간부에 대한 급여 및 복리후생의 지급이 정지되는지 ※ 당사는 무급휴직자에 대해 복리후생을 지급하지 않고 있음 2. 노사간 근로시간면제자를 근로시간면제 한도 내에서 합의할 경우 기존 노조상근간부중 에서 면제 한도를 넘는 인원이 발생하는 바, 해당 인원(면제 한도 초과 인원)은 당연히 현업에 복귀해야 하는지, 아니면 무급 노조선임자의 지위를 당연하게 가지는지 여부","1. 금년 7. 1.부터 근로시간면제제도가 시행됨에 따라 노조전임자에게 급여를 지급하는 것 은 부당노동행위로 금지됨 다만, 사용자의 동의에 의해 법정한도 내에서 유급처리하거나 이후 근로시간민제 한도 (시간, 인원)에 대해 노사합의가 이루어질 경우 근로시간면제자에게 소급하여 급어를 지 급하는 것은 가능하다 할 것임 2. 근로시간면제 한도를 사용할 수 있는 대상자는 고용부 고시(제2010-39호)한도 내에서 노사 당사자가 징한 근로자이므로, 근로시간면제자로 지징되지 않은 기존 노조전임자를 업무에 복귀시킬 것인지 여부는 노사가 자율적으로 정하면 될 것임 다만, 기존 노조진임자가 업무에 복귀하지 않고 새로운 제도인 근로시간면제 한도의 적 용을 받지 않는 경우에는 사용자가 급여를 지급할 의무가 없으므로 노동조합 스스로 부 담하여야 할 것임"
350101-28970,120억원 미만 2개현장 안전관리자 중복 배치여부,고용노동부,산안건안) 68307-10588,2001.12.4,https://www.law.go.kr/LSW/cgmExpcInfoP.do?cgmExpcSeq=28970,"○ 120억원 미만 현장이 2개 이상일 때 각각의 현장에 대하여 1명의 안전관리자를 중복 배치할 수 있는지(각각의 현장에 기술지도계약은 체결되어 있으며, 각각의 현장은 각기 다른 조직에 의해 관리됨) ○ 1인의 안전관리자를 2 이상의 현장에 중복 배치할 수 있는 경우가 있는지 ○ 안전관리자를 중복배치 할 수 있다면 안전관리비 정산시 안전관리자의 급여를 현장수로 나누어 산정할 수 있는지 ○ 안전관리자를 선임하라는 발주처의 요구시 반드시 선임하여야 하는지(법상 안전관리자 의무선임 대상이 아님)","1. 산업안전보건법시행령 제12조의 규정에 의거 공사금액이 120억원(토목공사업에 속하는 공사는 150억원) 또는 상시근로자 300인 미만인 건설공사는 안전관리자 선임의무 대상이 아니므로, 이러한 공사현장에서의 안전관리자의 선임여부와 2개 이상의 공사현장에 동일한 안전관리자의 중복 선임여부는 자율적으로 판단할 사항임 2. 공사금액이 위의 기준 이상일 때에는 당해 현장의 안전관리업무만을 전담하는 안전관리자를 두도록 규정하고 있으나, 2개 이상의 공사가 동일한 시공자, 공사관리 조직 및 체계하에서 시공되고 장소적으로도 근접하는 등의 조건을 갖춘 경우에는 이를 하나의 사업장으로 간주하여 안전관리자를 선임할 수 있다고 사료됨 3. 이 경우 안전관리자의 인건비 정산에 대해서는 별도로 규정하고 있지는 않으나 해당 현장의 공사비중 등에 따라 적절하게 배분하여 사용하면 될 것으로 사료됨 4. 위 ‘1’에서 언급한 바와 같이 산업안전보건법상 공사금액이 120억원(토목공사는 150억원) 또는 상시근로자 300인 미만인 공사현장은 안전관리자 선임의무가 없음. 따라서, 이러한 공사현장에 대한 발주자의 안전관리의 선임요구에 대한 이행여부는 계약당사자간에 공사계약내용 등에 따라 처리하여야 할 것으로 사료됨"
350101-29006,24시간 연속 가동하는 설비 작업장 순회점검 실시 기준,고용노동부,산업안전기준과-589,2021.9.6,https://www.law.go.kr/LSW/cgmExpcInfoP.do?cgmExpcSeq=29006,"ㆍ작업장 순회점검 관련하여, 제조업에서 운영하는 가스플랜트가 24시간 연속 가동을 하는 상황이라면 휴무일을 포함하여 최소한 2일 1회 의무적으로 작업장 순회점검을 해야 하는지, 또는 근무일 기준으로만(휴무일은 제외하고) 2일 1회 작업장 순회점검을 해야 하는지? * 참고로 가스플랜트는 4조 3교대의 운전파트 조직이 있고, 정비 및 기술관리를 담당하는 부서는 일근이며 이 조직에서 작업장 순회 점검을 수행 ㆍA사는 투자 Fund 회사로 최근 C사 OO반도체 단지 내에 On-site 가스플랜트를 D사로부터 매입하여 소유하게 되었음. A사는 가스플랜트 운영 관련 전문기술이 전혀 없어 가스플랜트 운영 전문기술회사인 B사에 위탁운영관리를 전적으로 맡기게 되고 C사는 OO반도체 최상위 회사로 B사를 포함하여 단지 내의 모든 회사에 대하여 안전 및 보건 등에 대하여 필요한 지도ㆍ통제ㆍ관할을 하고 있으며, 협의체 구성, 합동안전점검 및 업무공유회의(주간 업무회의도 포함됨) 등 주관 B사가 운영하는 가스플랜트는 4조3교대 운전파트에서 24시간 가스생산 가동을 하며 운전원이 현장을 순회점검(체크리스트 작성)하며 설비의 이상유무를 확인 * B사는 C사 OO반도체 단지 내에 동일한 가스플랜트를 기 운영관리 중이며, B사로부터 위탁받은 설비는 전에 D사로부터 같은 방식으로 수탁을 받아 운영관리 함 - 이 경우 A사는 B사에 대하여 도급인(도급사) 지위가 되기 때문에 법 제64조(도급에 따른 산업재해 예방조치), 시행규칙 제79조(협의체의 구성 및 운영), 시행규칙 제80조(도급사업 시의 안전ㆍ보건조치 등)에 의거하여 협의체 구성ㆍ운영, 위험성평가 실시에 관한 사항 정기적 협의, B사 근로자의 안전교육 실시여부의 확인 등 조치를 하여야 하는지","ㆍ 귀 질의 상 A사가 C사 반도체 단지 내에 소재한 가스플랜트를 D사로부터 매입하여 A사 소유의 플랜트를 보다 원활하게 운영하기 위해 B사에 플랜트의 운영ㆍ관리를 위탁하였다면 A사 자신의 업무를 타인(B사)에게 맡기는 것으로 보아야 하므로 「산업안전보건법」 상 도급에 해당하며, 이 경우 A사는 도급인으로서 수급인(B사) 근로자의 산업재해 예방을 위하여 안전조치 및 보건조치(「산업안전보건법」 제63조), 산업재해 예방조치*(「산업안전보건법」 제64조), 수급인 작업에 대한 위험성평가 실시 및 수급인이 실시한 위험성평가 결과의 검토(「산업안전보건법」 제36조 및 사업장 위험성평가에 관한 지침) 등을 이행하여야 함 * 안전보건협의체의 구성ㆍ운영(월 1회 이상), 작업장 순회점검(2일에 1회 이상) 및 합동안전보건점검(분기 1회 이상), 안전보건교육을 위한 장소 및 자료의 제공 등 지원, 관계수급인이 근로자에게 하는 안전보건교육 실시의 확인, 경보체계 운영과 대피방법 등 훈련, 위생시설 등의 설치를 위한 장소 제공 또는 도급인 위생시설 이용의 협조 등 - 작업장 순회점검의 실시와 관련하여 도급인의 업종이 제조업이라면 2일에 1회 이상 점검을 실시하여야 하며, 귀 질의와 같이 가스플랜트를 24시간 연속적으로 가동을 하여 수급인의 근로자가 교대 근무 등의 방법으로 휴일 등에도 빠짐없이 작업을 한다면 도급인은 휴일 등을 포함한 일수 기준으로 2일에 1회 이상 순회 점검을 실시하여야 함"
350101-29096,1m 이상 계단폭에서 제외되는 급유용 . 보수용 . 비상용 계단의 의미,고용노동부,산안 68320-96,2001.2.20,https://www.law.go.kr/LSW/cgmExpcInfoP.do?cgmExpcSeq=29096,1. 산업안전기준에 관한 규칙상 계단과 관련된 규정(제23조～ 제27조)은 공장 설립 연도에 관계없이 동기준을 적용받는지 2. 공간 부족으로 동규칙 제25조의 규정에 의한 계단 참의 폭이 1미터가 되지 않을 경우는 3. 1미터 이상의 계단 폭에서 제외되는 급유용 ㆍ보수용 ㆍ 비상용계단의 의미와 일반 작업 및 보수용으로 같이 쓰일 때 또는 불량 처리(확인)시 이용하는 계단은 예외규정을 적용받을 수 있는지 4. 산업안전기준에 관한 규칙 위반 시 처벌은,"1. 산업안전기준에 관한 규칙 제23조 내지 제27조의 계단과 관련된 규정은 공장의 설립년도에 관계없이 동 규칙이 제정 공포되어 시행된 1990.7.23부터 적용됨. 2. 공간 부족으로 동규칙 제25조의 규정에 의한 계단 참의 폭이 1미터가 되지 않을 경우는 사고 예방을 위한 자체적인 노력과는 별도로 산업안전 기준에 관한 규칙에서 정하는 규정을 이행하기 위하여 그 폭이 1미터 이상이 될 수 있도록 해당 작업장의 공간을 확보하여야 함. 3. 동 규칙 제24조의 규정에 의하여 1미터 이상의 계단 폭에서 제외되는 급유용ㆍ보수용ㆍ비상용계단이라 함은 계단의 용도가 급유ㆍ보수 또는 비상시에만 사용되는 계단으로서 통상 통로(또는 작업 발판)로 이용되지 않고 특정업무가 필요할 경우에 한하여 사용되는 계단을 말하는 것으로 귀하가 언급하신 일반 작업 및 보수용으로 함께 사용되는 경우는 예외규정이 적용되지 않으며, 불량 처리(확인) 시 사용되는 경우는 동작업이 통상 작업의 일부로서 일정하게 반복되지 않고 필요에 따라 제한적으로 실시된다면 예외 규정이 적용될 수 있음. 4. 산업안전기준에 관한 규칙 을 위반한 자는 산업안전보건법 제23조 및 제67조의 규정에 의하여 5년 이하의 징역 또는 5천만원 이하의 벌금에 처하게 됨."
350101-29242,"1992.7월부터 1996.6월까지 약 4년간 법인체 직업안내소 대표이사로 근무한 경력이 있어, 다른 직업안내소에 상담직원으로 취업을 하고자 하는데 대표이사로 근무한 경력을 상담업무에 종사한 경력으로 인정할 수 있는 여부",고용노동부,고관 68440-440,1996.8.1,https://www.law.go.kr/LSW/cgmExpcInfoP.do?cgmExpcSeq=29242,"○ 1992.7월부터 1996.6월까지 약 4년간 법인체 직업안내소 대표이사로 근무한 경력이 있어, 다른 직업안내소에 상담직원으로 취업을 하고자 하는데 대표이사로 근무한 경력을 상담업무에 종사한 경력으로 인정할 수 있는 여부",○ 법인 유료직업소개소의 임원은 직업안정법시행령 제21조제1항의 허가요건을 갖춘 임원과 이러한 자격을 갖추지 못한 임원으로 구분되므로 위의 등록요건을 갖추지 못하였다면 직업소개소의 대표이사로 근무하였다 하더라도 상담업무에 종사한 경력으로 인정할 수 없음.
350101-29382,2개 현장에 선임된 안전관리자 인건비 정산 방법,고용노동부,산안건안) 68307-250,2003.8.20,https://www.law.go.kr/LSW/cgmExpcInfoP.do?cgmExpcSeq=29382,"○ 산업안전보건법 시행령 제12조제4항(제1항의 규정에 불구하고 동일 읍.면.동지역 안에서 동일 사업주가 경영하는 2 이상의 사업장에는 공동으로 1인의 안전관리자를 둘 수 있다. 이 경우 이들 사업장의 상시 근로자수 합계는 300인 이내이어야 한다)에 의하여 동일 읍, 면, 동 지역 안에서 2개의 현장에 안전관리자를 공동으로 1인 선임할 경우 안전관리자의 인건비를 안전관리비로 사용함에 있어서 어떠한 방법이 있는지 (갑 설) - A현장의 공사금액 40억원, B현장의 공사금액 60억원일 경우 안전관리자의 인건비를 공사금액의 비율에 따라 각 현장별로 40%(A현장) 및 60%(B현장)로 나누어 사용함 (을 설) - 두 현장중 공사금액이 큰 현장의 안전관리비로 안전관리자의 인건비를 집행함 (병 설) - 두 현장 각각 50%씩 부담함",○ 동법시행령 제12조제2항에 의하면 건설업의 경우에는 공사금액 120억원(토목공사의 경우 150억원) 이상이거나 상시근로자 300인 이상을 사용하는 사업장은 안전관리업무만을 전담하는 자격이 있는 안전관리자를 선임토록 규정되어 있으므로 귀 질의 현장은 이에 해당하지 아니함 ○ 안전관리자의무선임 공사는 아니라 하더라도 동법시행령 별표 4(안전관리자의 자격)에서 정한 자격을 갖춘 자를 선임(동일한 광역자치단체 내에서 동일한 사업주가 행하는 3 이하의 공사현장에 대해 안전관리자를 공동으로 선임하는 경우를 포함한다)하여 지방노동관서에 보고하고 동 안전관리자가 안전관리업무만을 전담하여 수행한다면 이때 지급하는 인건비는 산업안전보건관리비로 사용이 가능함 ○ 이 경우 2개 공사현장에 공동으로 선임된 안전관리자의 인건비는 공사현장의 공사비율을 고려하여 적절하게 배분하여 사용하면 될 것으로 사료됨
350101-29454,2개의 사업장이 이전·통합할 경우 노동조합 존속 여부,고용노동부,노사관계법제팀-309,2007.1.26,https://www.law.go.kr/LSW/cgmExpcInfoP.do?cgmExpcSeq=29454,"△△사에는 장소적으로 분리된 2개의 사업장(A, B사업장)으로 구성되어 있으며, A사업장과 B사업장에는 각 사업장 소속 근로자를 조직범위로 하는 각각의 노동조합이 설립되어 있음. 동 업체는 경영합리화 차원에서 B사업장을 매각하고 동 사업장의 시설 및 인력의 대부분 (퇴직자 제외, 희망자 전원)을 A사업장으로 이전, 전보 조치하였음. ※ 인력재배치로 기존 B사업장과 A사업장 소속 근로자가 동일한 사업장에서 업무를 수행 - 이와 같이 B사업장을 폐쇄하고 A사업장으로 이전ㆍ통합한 경우 B사업장 노동조합이 존속하는지","1. 기업별 노조의 경우 그 설립단위 내지 조직의 근거가 되는 기업이 소멸함에 따라 당해 노조도 소멸ㆍ해산되는 것으로 보는 것이 원칙이나, 기업 합병 등의 경우에는 합병 등으로 인해 소멸된 기업의 권리ㆍ의무가 합병 후 존속 또는 신설된 기업에 포괄적으로 승계되는 것이므로 근로자의 고용 및 기타 근로계약상의 지위도 승계되는 것으로 보아야 하며(같은 취지: 대법원 '94. 10. 25. 선고, 93누21231 판결), 이 경우 당해 근로자들을 구성원으로 하는 노동조합의 지위도 승계되는 것으로 보는 것이 타당할 것임. - 아울러 하나의 기업 내 사업장간 통ㆍ폐합의 경우에도 노동조합 승계 문제를 이와 달리 볼 이유는 없으므로, 사업장간 통ㆍ폐합 전후의 인적구성 등 실질적 동일성이 인정되는 경우라면 노조간 통합 등 특별한 사정이 없는 한 이전하는 사업장에 조직된 노동조합이 자동적으로 소멸된다고 보기는 어려울 것임. 2. A사업장과 B사업장에 각 사업장 소속 근로자들을 조직범위로 하는 노동조합이 각각 조직되어 있는 상황에서 B사업장을 매각하고 시설 및 인력 대부분을 A사업장으로 이전ㆍ전보 조치하는 경우, 사업장 이전ㆍ통합 후에도 B사업장 조합원이 A사업장으로 전보되어 여전히 귀사와 근로관계를 맺고 있어 조합원 구성 등 실질적 동일성이 인정 되는 경우라면 B사업장이 이전ㆍ통합되었다는 이유만으로 B사업장의 노동조합이 소멸 된다고 보기는 어려울 것임."
350101-30332,100분의 80이상 이수후 취업자에 대한 훈련수당 지급여부,고용노동부,인자 68500-102,2003.3.4,https://www.law.go.kr/LSW/cgmExpcInfoP.do?cgmExpcSeq=30332,"고용보험법시행규칙 제43조의 문제상의 요지 “출석율이 80%이상이라 하더라도 중도탈락을 한 경우는 중도탈락한 단위월의 훈련수당을 부지급”, 고용보험법시행규칙 제43조의5 “동규정 제43조의 규정은 정부위탁훈련에 관하여 이를 준용한다”라고 규정되어 있는바, 동 규정상의 중도탈락이 조기취업에 의한 중도탈락을 포함하는 지 여부.","정부위탁훈련과정은 일정기간(60%～80%, 80%이상) 훈련후 조기취업을 하는 경우에도 훈련기관에게 훈련비를 지급함은 훈련생들의 취업을 훈련생 본인은 물론 훈련기관이 적극 노력하도록 권장하는 취지가 있다고 할 것임. - 동 규정의 중도탈락의 의미를 “조기취업에 의한 중도탈락”을 포함하여 해석할 경우 조기취업자에 대한 훈련수당 미지급은 훈련기관에게 조기취업자에 대한 훈련비 지급과 서로 상충된다 할 것임으로, - 동 규정의 중도탈락은 순중도탈락을 의미하며 조기취업에 의한 중도탈락은 포함하지 아니한다 할것이며, 또한 조기취업의 확인은 “객관적인 판단에 의한 상당부분 인정되는 취업의 확인, 또는 재직증명서” 등을 통하여서도 조기취업으로 인정할 수 있다 할 것임. ※ 참조 : 조기취업(60%～80%, 80%이상)에 대한 훈련비 지원은 반드시 고용보험가입이 확인된 경우에만 지급"
350101-30598,24시간 격일제 근로형태에서 월차휴가를 12시간만 부여가 가능한지,고용노동부,근기 68207-1805,2002.4.30,https://www.law.go.kr/LSW/cgmExpcInfoP.do?cgmExpcSeq=30598,"○24시간 격일제 근로형태에서 월차휴가를 일단위로(연속된 24시간) 12시간만 부여하면서 나머지 실제 근로한 12시간 외에 추가로 월차휴가수당을 지급하였을 경우, 이를 월차휴가를 부여한 것으로 볼 수 있는지, 만일 월차휴가를 부여한 것으로 볼 수 없다면 이미 월차휴가 수당의 명목으로 지급된 금액을 차후 발생하는 임금채권과 상계하는 형식으로 회수가 가능한지","○ 귀 질의내용이 명확하지 아니하여 정확한 답변이 곤란하나, 24시간 격일제 근로형태하에서 당해 근무일에 12시간만 휴무를 부여한 날에 대하여 이는 월차유급휴가를 부여한 것으로 볼 수 없으므로 별도의 월차유급휴가를 부여하거나 월차유급휴가를 사용하지 아니한 경우에는 월차유급휴가근로수당을 지급해야 할 것임. ○ 이를 전제로, 12시간 휴무를 부여한 날에 실제 근로한 시간(12시간)분을 초과하여 임금을 지급하였다면 그 초과된 임금에 대해서는 환수할 수 있으며, 이후 발생하는 임금채권과의 상계도 가능하다고 사료됨. 이 경우 근로기준법 제42조의 임금전액불 원칙에 위배되지 않는다고 사료됨."
350101-313600,20억원 미만 공사에서 관리책임자 및 무자격 안전관리자 업무수당 사용여부,고용노동부,산안(건안) 68307-10307,2002.7.3,https://www.law.go.kr/LSW/cgmExpcInfoP.do?cgmExpcSeq=313600,"공공기관에도급받아 시행 중인 20억원 미만 아파트 전기공사(아파트 9개 동옥내 전기공사, 고압수변전설비 전기공사, 가로등 공사, 교통신호등 공사)를 시행함에 있어 안전관리비의 인건비는 총액의 40% 범위 내에서 집행되어야 하나 착공 신고 시 안전관리 조직표상에 안전관리 총괄 책임자(노동부 신고의무사항이 아니어서 인건비는 계상하지 않음), 안전 관리자(노동부 신고사항이 아니어서 인건비는 계상하지 않음), 안전 담당자 2명으로 선임되어 있음 위 공사에 있어서 20억원 미만의 공사이므로 안전관리 총괄 책임자 및 안전관리자 선임의무는 없지만 조직표상의 실수와 안전 담당자 이적으로 인한 안전관리 총괄 책임자(서류상) 및 안전 담당자 역할을 성실히 수행을 하였다면 총괄 책임자와 안전관리자에게 안전 담당자에게 지급되는 급여액의 10% 미만의 업무수당을 지급하여도 되는지 여부(단, 서류상 안전담당자 2명을 따로 선임하지 않고 총괄 책임자와 안전관리자로 선임된 자가 그 업무를 대신 함)","건설업 산업안전보건관리비계상 및 사용기준(노동부 고시제2001-22호, 2001. 2. 16) 별표2 안전관리비의 항목별 사용내역 및 기준 중 항목1(안전관리자 등의 인건비 및 각종 업무수당 등)에 의거 산업안전보건관리비로 사용이 가능한 업무 수당은 직ㆍ조ㆍ반장 등의 지위에 있는 관리감독자가 산업안전보건법 시행령 제11조 제3항 각호의 규정에 의한 업무를 수행하는 경우에 한하는 것으로 귀질의의 안전관리 총괄 책임자 및 안전관리자가 위에서 말하는 직ㆍ조ㆍ반장 등의 지위에 있지 아니하다면 이들이 동법 시행령 제11조 제3항 각호의 업무 (귀질의에서 말씀하신 “안전 담당자”의 업무)를 수행한다고 하더라도 위 규정에 의 한 업무수당은 지급할 수 없음"
350101-313986,1일 소정근로시간 초과한 근로시간면제 활동의 유급처리여부,고용노동부,노사관계법제과-406,2010.8.6,https://www.law.go.kr/LSW/cgmExpcInfoP.do?cgmExpcSeq=313986,"1일 소정근로시간을 초과하는 근로시간면제 활동시간에 대하여 노사간 자율로 유급처리 하는 경우 초과시간에 대해 가산금을 지급해야 하는지, 불가피하게 근로시간면제 한도를 초과하는 경우 개별법에 근거하여 초과시간에 대하여 유급으로 처리할 수 있는지(노사 협의회, 산업안전보건위원회 등 개별법에 의한 활동으로 유급 근로시간면제 총량이 초과 되는 경우, 개별법에 근거 유급으로 처리할 수 있는지가 문제임)","근로시간면세사에 대한 1일 단위의 면세근로시간은 법정근로시간의 범위 내에서 당해 사업(장)의 근로자와 사용자 사이에 정한 1일 소정근로시간 이내로 이를 초과한 시간은 무급이 원칙임 다만, 근로시간면제 활동시간이 1일 소정근로시간을 초과하여 계속되는 경우 초과시간 을 유급으로 하여 시간외근로수당(가산금 포함)을 지급할지 여부는 노사가 자율적으로 정할 수 있겠으며, 유급으로 정할 경우 근로시간면제자의 면제 한도 총량시간에서 공 제하여야 할 것임 한편, 노사가 사업장에 직용할 총 면제시간 및 인원 한도를 협의 ㆍ 결징한 후에 이를 사 용할 면제자와 연간 또는 일정 단위의 사용시간을 노조에서 사용자에게 통보하고 사용 하게 될 것임. 이 경우 개인별 사용한도는 해당 기간 내 개별법령에 의해 인정되는 업 무를 포함하여 면제 대상 업무에 소요될 시간을 모두 포괄하여 정하는 것이므로 추가 적으로 특정활동을 위해 한도를 초과하게 되면 전체 사업장에 적용될 한도를 초과할 우려가 있음 따라서 사용방식에 있어 면제한도를 고정해 놓고 사용하는 방법과 사유별 사용방법이 있으므로 미리 모든 활동을 포괄하여 한도를 정해놓은 경우 그 한도를 벗어나서 유급 처리하기가 어려우므로, 한도를 초과할 가능성이 크다면 사유별 사용방법으로 하는 것 이 바람직할 것임"
350101-314000,1회의 감급사유에 대한 감급액의 적용방법,고용노동부,근기 68207-997,1999.12.30,https://www.law.go.kr/LSW/cgmExpcInfoP.do?cgmExpcSeq=314000,"○ 근로기준법 제98조 감급의 제재를 정할 경우 그 감급액은 1회에 평균임금의 1일분의 반액을, 1임금지급시기에 있어서의 임금총액의 10분의 1을 초과하지 못한다는 규정에 근거하여 사규상에 이를 반영, 제재규정을 두었는 바 1회의 감급사유(감봉 3월)에 대한 감급액의 적용시 다음과 같이 두가지 설이 있는데 어느 것이 적법한지 (갑설)：근로기준법 제98조에 의한 감급액의 제재는 1회의 액이 평균임금 1일분의 반액이내 및 총액이 1임금지급기 임금총액의 10분의 1을 초과하지 못한다고 규정되어 있는 바, 감봉기간동안(3개월간) 1회의 감급총액이 1임금지급기 임금총액의 10분의 1 이내에서 매월 평균임금 1일분의 반액을 3회 공제하여야 함. (을설)：근로기준법 제98조에서 말하는 1회의 액이란 감급사유 1회를 말하는 것으로 3개월간이라는 기간은 중요한 부분이 아니며, 다만 그 1회의 감급사유에 대한 감급액은 평균임금 1일분의 반액 이내이며, 1임금지급기의 공제총액이 1임금지급기 임금총액의 10분의 1의 범위내에서 공제하여야 함.","○ ’97. 12. 31 개정된 산업안전보건법 시행령 제12조의 규정에 의하면 공사금액 100억원 이상의 공사현장은 영 별표 4에서 정한 자격이 있는 안전관리자를 선임하여 안전관리업무를 전담 수행하도록 하고 있음 ○ 귀 공사의 경우 ‘98. 12월에 착공된 공사금액 130억원의 토목공사로서 위 기준을 적용받으므로 안전관리자 퇴직시 잔여공사 기간 동안 위 기준에 의한 안전관리자를 선임하여야 하며, 재해예방 기술지도로 대체할 수 없음 ○ 참고로, 안전관리자 선임규모인 공사금액 120억원(토목공사는 150억원) 이상은 동 영 부칙 제2조의 규정에 의거 2001. 1. 1 이후 착공하는 공사부터 적용하도록 하고 있으며, 2001. 1. 1 이후에 착공한 150억원 미만의 토목공사인 경우에 안전관리자시 퇴직시 재해예방 기술지도로 대체가 가능함"
350101-314044,2개 이상의 훈련기관이 훈련과 관련한 업무제휴계약을 체결하고 진행하는 직업능력개발훈련과정에 대해 인정이 가능한지,고용노동부,인자68500-899,2001.7.25,https://www.law.go.kr/LSW/cgmExpcInfoP.do?cgmExpcSeq=314044,"우편매체를 이용한 통신훈련을 실시하는 위탁훈련기관 중 일부 훈련기관이 타 훈련기관과 업무제휴계약을 체결하고, -지방노동관서로부터 훈련과정인정은 “A”훈련기관(언론사 자회사 등인지도가 있는 훈련기관)이 받고, 실제훈련은 “B”훈련기관(신규훈련기관이나 법적 근거가 없는 훈련기관)이 실시하고 있는 경우 훈련과정 인정이 가능한지 ※참고자료 : A사와 B의 계약내용 “B”훈련기관은 교육과정의 기획 및 개발, 교재 및 자료제작, 교재발송, 첨삭지도의 실시, 수강관리 사무 등 교육과정 운영을 책임지고, 자신의 비용과 책임으로 영업조직 및 인력을 운용하며 홍보 및 교육과정의 수주업무를 담당 “A""훈련기관의 명의로 훈련비를 청구하여 ”A“훈련기관에 입금하여야 하고 민.형사상 모든 책임을 “B”훈련기관이 짐 “A”훈련기관은 교육비 수령 후 7일 이내에 업무비용(“B”훈련기관 수주교육 10%, 자체수주교육 20%)을 공제한 금액을 “B”훈련기관에 지급한다로 되어 있음","「근로자직업능력 개발법」제24조의 규정에 의거하여 직업능력개발훈련과정에 대한 위탁훈련의 인정신청은 동 위탁훈련과정에 대한 적어도 하나 이상 위탁사업주의 위탁계약을 첨부한 경우에 동 위탁훈련 실시기관이 사업주를 대신하여 인정신청을 할 수 있는 것임 (인자68500-797, ‘01.6.27. 인자68500-695, ’01.5.28) - 따라서 지방노동관서에 직업능력개발훈련과정에 대한 인정신청을 할 수 있는 자는 사업주로부터 당해 훈련과정에 대한 위탁을 받은 훈련기관 만이 동 대상이 되는 것으로 실제 위탁을 받아 훈련을 실시하는 자만이 가능한 것임 사업주로부터 위탁을 받은 자와 실제 훈련을 실시하는 자가 다른 경우 훈련과정의 인정이 불가함은 물론이며, 인정신청 당시 그 사실을 알려주지 않아 인정을 받아 훈련을 실시하는 경우에도 반드시 훈련과정의 인정취소를 하여야 할 것임"
350101-314120,1년간 지급받은 상여금을 평균임금 대상금품에 산입하는 방법,고용노동부,임금 68207-120,2003.2.24,https://www.law.go.kr/LSW/cgmExpcInfoP.do?cgmExpcSeq=314120,"직원 3명이 퇴직금 중간정산을 신청하여, 퇴직금계산을 하려고 하는데 상여금 계산 때문에 의문이 있음. 퇴직금 중간정산 기준일 : 2003.1.31. 상여금 계산 시 중간정산 기준일로부터 1년 치를 기준으로 3개월 치 평균임금을 구하는데, 위의 3명은 2002.2.1.~2003.1.31. 동안 7번의(700%) 상여금을 받았음. 회사취업규칙에는 매분기, 설, 추석에 각 100% 지급하기로 되어있으나, 직원 3명은 위 기간 동안 ’02년 구정, ’03년 구정 상여금을 받아 700%가 된 것임. 이 경우 평균임금 산정대상 상여금을 600%로 해야하는지, 700%로 해야하는지 ?","퇴직금 산정의 기초가 되는 평균임금은 「근로기준법」 제19조[현 「근로기준법」 제2조] 규정에 의거 이를 산정하여야 할 사유가 발생한 날 이전 3월간에 그 근로자에 대하여 지급된 임금총액을 그 기간의 총일 수로 나눈 금액을 말함. 상여금의 지급 등에 대하여는 「노동관계법」에 별도 규정되어 있지 아니하나, 취업규칙 등에 지급조건, 금액, 지급시기가 정해져 있거나 전 근로자에게 관례적으로 지급하여 사회통념상 근로자가 당연히 지급 받을 수 있다는 기대를 갖게 되는 경우에는 근로의 대상성을 갖는 임금으로 보고 있음. 한편 상여금의 지급률을 연간단위로 설정하여 1개월을 넘는 단위로 지급하고 있는 경우에는 이를 지급 받은 그 월의 임금으로 취급하여 일시에 전액을 평균임금에 산입하는 것이 아니며, 평균임금을 산정하여야 할 사유가 발생한 날 이전 12개월의 기간 동안에 지급 받은 상여금 전액을 그 기간 동안의 근로월수로 분할 계산하여 즉, 3/12을 평균임금산정 기준 임금총액에 산입함. 반면에 근로월수가 1년 미만인 경우에는 당해 근로월 중에 지급 받은 상여금 전액을 그 근로월수로 분할 계산하여 평균임금산정 기준 임금총액에 산입하여야 함. 따라서 귀 질의와 같이 상여금의 지급률이 연간단위로 확정되어 있는 상황에서 역일상 1년의 기간 내에 동일한 명목의 상여금(귀 질의 상 설 상여금)이 중복됨으로써 결과적으로 연간 지급률을 초과하여 상여금을 지급한 경우라 하더라도 평균임금산정의 기초가 되는 임금총액에는 연간단위의 지급률을 한도로 계산된 상여금만을 분할하여 산입하는 것이 타당하다고 사료됨."
350101-314212,1년 미만 근로자의 재계약에 따른 계속근로 인정여부 및 퇴직금 산정방법,고용노동부,근기 68207-2037,2000.7.5,https://www.law.go.kr/LSW/cgmExpcInfoP.do?cgmExpcSeq=314212,"○ 국립대학교 총장(고용자)과 외국국적을 가진 근로자(피고용자)는 ’98. 7. 6 다음과 같은 요지의 최초 고용계약서를 체결함. - 고용기간은 ’98. 7. 6～’99. 6.19(50주)이며, 고용자와 피고용자의 협의에 의하여 1년 미만의 한도내에서 2회까지 재계약할 수 있고, - 재계약을 체결할 경우 피고용자는 고용기간 만료일부터 재계약 고용개시일 사이에 2주간 본국 방문을 할 수 있으나, 이 기간은 고용기간에 포함되지 않으며 보수도 지급되지 않음. 질의1) 위 피고용자는 고용기간(50주)의 근무를 마친 후 1차 계약만료일부터 2주일이 경과한 ’99. 7. 5부터 2000. 6.17까지 근무하기로 하는 재계약을 체결하고 근무하고 있을 경우 2주동안 근로기간의 단속이 있음에도 불구하고 1년 이상 계속근로자로 인정할 수 있는지 여부 질의2) 위 피고용자가 최초계약 개시일부터 재계약 만료일까지(1년11개월) 근로형태를 계속근로로 인정할 경우 퇴직금 지급사유가 발생하는 바, 이 경우 총근로시간 1년 11개월의 퇴직금 산정방법","○ 귀 질의1)에 대하여 - 근로기준법 제34조에서 규정한 계속근로년수란 “근로계약을 체결하여 해지될 때까지의 기간”을 의미함. 따라서 근로계약기간이 단절된 경우에는 원칙적으로 계속근로로 볼 수 없음. - 다만 귀 질의서 및 계약서상의 내용처럼 원어민교사와 재계약시 본국을 방문한 후 입국하면 근로관계를 재개함을 전제로 근로계약을 체결하였다면 - 이러한 형태의 근로계약은 당사자간의 특약으로 본국 방문기간에 대해 근로관계를 정지시킨 상태로서 향후 근로관계가 재개되면 계속근로로 보는 것이 타당하다고 사료됨. - 다만 실제 근로하지 아니한 본국 방문기간은 퇴직금 산정을 위한 계속근로년수에서 제외하더라도 근로기준법 위반문제는 발생하지 않음. ○ 귀 질의2)에 대하여 - 근로기준법 제34조제1항 단서에서 “근로년수가 1년 미만인 경우”라 함은 계속근로년수가 전체적으로 1년 미만인 경우를 말하는 것으로서, 근로년수가 몇년, 몇월, 며칠인 경우에 있어서의 1년 미만을 뜻하는 것이 아님. - 따라서 귀 질의 내용처럼 1년 11개월을 근로한 경우에는 11개월에 대하여도 아래 예시와 같이 퇴직금을 비례적으로 산정하여 지급하여야 함. (예시) : 퇴직금 = 평균임금 30일분×계속근로년수 = 1일평균임금×30일분×(1년＋1년 미만 기간의 일수/365일)."
350101-314254,2개 사업부서 중 1개부서를 분리하는 경우 기금분할이 가능한지,고용노동부,임금 68207-390,1995.12.1,https://www.law.go.kr/LSW/cgmExpcInfoP.do?cgmExpcSeq=314254,"◆ (주)○○법인체내에서 건재사업부와 도료사업부라는 2개 부서가 독립채산제 형태로 경영되어 오다가 ‘95년 1월부터 도료사업부가 ○○화학(주)로 분리 되었는 바, 기금분리의 가능성 여부 및 절자는","◆ 사내근로복지기금법상 기금(출연금)의 처분에 관한 별도 규정은 없으나, 사내 근로복지기금은 설립자 개인이 일정한 재산을 출연하고 관리ㆍ운영하는 민법상의 재단법인과는 달리 노사가 공동으로 노력하여 발생한 사업이익의 일부를 근로자 복지증진을 위하여 출연하는 것으로서, 신설된 법인 소속 근로자들의 경영성과도 반영되어 기금에 출연되었다면 이들도 당연히 기금에 대한 출연금의 일부를 요구할 권리가 있음. ◆ 사내근로복지기금법 제27조의 규정에 의하면 동법에 규정되지 아니한 부분은 민법상의 재단법인에 관한 규정을 준용토록 하고 있고, 민법의 재단법인에 관한 규정을 보면 ''기본재산에 관한 규정은 정관의 기재사항으로서 기본 재산의 변경은 정관의 변경을 요함. ◆ 정관의 변경을 위하여는 주무부장관의 허가가 필요하므로 기금(출연금)의일부를 신설법인에 배분하는 기금처분을 하고자 할 경우에는 기금정관의 변경절차를 거쳐 그 사유서, 기금협의회 회의록, 배분하고자 하는 기금액및 배분방법 등을 첨부한 기금정관 변경인가신청서를 관할 지방노동관서장 에게 제출하여 인가를 받아 배분할 수 있을 것임."
350101-314260,1인이 수개의 동일한 사업자등록을 하고 사업을 운영하는 경우 1개의 사업 또는 사업장으로 볼 수 있는지 여부,고용노동부,근기 68207-685,1999.11.22,https://www.law.go.kr/LSW/cgmExpcInfoP.do?cgmExpcSeq=314260,"○ 갑은 A(주) 대표, 갑은 15톤 덤프트럭 6대를 개인명의로 건설기계 등록 및 사업자 등록함(덤프트럭 소속은 B(주)). 갑은 트럭 1대당 일정액의 지입료를 B(주)에 지급할 뿐 B(주)와는 별도의 계산하에 독자적 영업활동을 하고 있음. ○ 덤프트럭 운전자들이 A(주)의 노무지휘를 받으며 근로한 경우 하나의 사업 또는 사업장으로 볼 수 있는지 여부에 대하여 (갑설)：동일한 장소에서 동일한 주체의 노무지휘권의 행사를 받아 왔으므로 A(주)의 1개의 사업으로 보아 5인 이상의 사업장이 되고 따라서 근로기준법의 전면적인 적용을 받는다는 견해 (을설)：6대의 덤프트럭에 대하여 대표이사 개인명의로 개별적인 사업자 등록을 하였으므로 덤프트럭마다 A(주) 이외의 별개의 사업으로 보아 5인 미만의 사업장에 해당하고 근로기준법의 적용을 받지 않는다는 견해 - 상기 갑설과 을설중 어느 견해가 타당한지","○ 사업주가 소유한 6대의 덤프트럭에 대해 차량별로 각각 사업자 등록을 하고 사업을 운영하고 있더라도 동일한 사업주가 동일한 장소에서 근로자와 사용종속관계하에서 근로에 종사하게 했다면 동 사업 또는 사업장은 근로기준법상 1개의 사업 또는 사업장으로 보아야 하며, - 사업주는 ""1개의 사업 또는 사업장""의 사업주로서 근로기준법상 사용자 책임이 있음. 따라서 근로기준법상 상시 5인이상의 근로자를 사용하는 사업 또는 사업장인지 여부도 상기 기준에 따라 판단되어야 함."
350101-314270,24시간 격일제 근로의 경우 1주간의 비번일 중 1일을 유급처리 시 별도로 주휴일을 부여해야 하는지,고용노동부,근기 68207-2663,2002.8.8,https://www.law.go.kr/LSW/cgmExpcInfoP.do?cgmExpcSeq=314270,24시간 격일근로 하는 아파트 경비직 근로자들에게 주휴일 근로수당 지급여부에 대하여 다음과 같은 양설 중 어느 설이 타당한지 ? <갑설> 24시간 격일근로의 아파트 경비직 근로자라도 단속적 감시적 인가를 받지 않았을 경우라면 주휴일 근로수당을 지급받을 수 있다는 설. <을설> 24시간 격일근로의 아파트 경비직 근로자들은 단속적 감시적 인가를 받지 않았을 경우라도 월 30일 중 15일만 근로함으로 주휴일 근로수당을 받을 수 없다는 설,"○ 귀 질의내용이 명확하지 아니하여 정확한 답변이 곤란하나, 근로기준법 제61조제3호에 의하여 감시.단속적 근로에 종사하는 자로 적용제외 승인을 받지 아니한 경우에는 근로시간, 휴게, 휴일규정이 적용되며, 따라서 휴일근로에 따른 가산임금을 포함하여 포괄임금방식으로 임금을 정하는 등의 특별한 사유가 없는 한, 휴일근로에 따른 휴일근로가산수당을 지급해야 할 것임. - 다만, 24시간 격일제 근로자의 경우 특별한 사정이 없는 한, 1주간의 비번일 중 1일을 유급 처리하는 경우라면 주휴일을 부여한 것으로 볼 수 있을 것임."
350101-314412,’18년 아동복지교사 지원사업을 위한 근로자 채용에 따른 질의,고용노동부,고용차별개선과-3165,2017.12.29,https://www.law.go.kr/LSW/cgmExpcInfoP.do?cgmExpcSeq=314412,"질의 1 아동복지교사를 기간제로 채용하고자 하는데 종전의 행정해석(고용차별개선과-25, ’11.3.3.)이 변경된 사항이 없는지? 질의 2 공공부문 비정규직근로자 정규직 전환 추진에 따라 정규직 전환을 추진하고자 할 때, 기존 근로자가 다시 채용절차를 거쳐 근로계약을 체결한 경우 과거 기간을 합산하여 근무기간 2년 초과에 따른 무기계약 전환 여부를 결정해야 하는지?",○ 법인 유료직업소개소의 임원은 직업안정법시행령 제21조제1항의 허가요건을 갖춘 임원과 이러한 자격을 갖추지 못한 임원으로 구분되므로 위의 등록요건을 갖추지 못하였다면 직업소개소의 대표이사로 근무하였다 하더라도 상담업무에 종사한 경력으로 인정할 수 없음.
350101-314616,06.1.1 이후 채용시 건강진단 비용의 산업안전보건관리비 사용가능 여부,고용노동부,산업안전팀-1961,2005.12.28,https://www.law.go.kr/LSW/cgmExpcInfoP.do?cgmExpcSeq=314616,06.1.1 이후 채용 시 건강진단을 사업장 자율적으로 실시할 경우 산업안전보건 관리비로 사용 가능한지 여부,"건설업 산업안전보건관리비계상 및 사용기준(노동부 고시제2005-32호, 2005. 12. 5) 별표2 산업안전보건관리비의 항목별 사용내역 항목 6. (근로자의 건강관리비 등)에 의하면 “법 제43조의 규정에 의한 근로자 건강진단에 소요 되는 비용”은 산업안전보건관리비로 사용이 가능함 다만, 채용 시 건강진단은 근로자를 채용한 후에 해당 업무에 적합 여부를 판단하여 근로자 건강을 보호하려는 취지로 운영되어 왔으나 동 건강진단이 오히려 질병이 있는 자에 대하여 고용 기회를 박탈하는 수단으로 활용되는 등의 폐단이 있어 산업안전보건법 시행규칙(노동부령제231호, 2005.10.7) 개정으로 채용시 건강진단이 폐지되었음 따라서’06.1.1. 이후 채용시 건강진단을 사업장 자율적으로 실시하더라도 당해 비용은 산업안전보건관리비로 사용이 불가할 것으로 사료되며, 동규정은 현재 진행 중인 공사현장뿐만 아니라 앞으로 개설하는 모든 공사현장에 공히 적용됨"
350101-314772,24시간 격일제 근로자의 월차유급휴가 사용시 12시간만을 휴가로 부여할 수 있는지,고용노동부,근기 68207-3272,2001.9.26,https://www.law.go.kr/LSW/cgmExpcInfoP.do?cgmExpcSeq=314772,"○24시간 격일제 근로형태에서 월차휴가를 일단위로(연속된 24시간) 12시간만 부여하면서 나머지 실제 근로한 12시간 외에 추가로 월차휴가수당을 지급하였을 경우, 이를 월차휴가를 부여한 것으로 볼 수 있는지, 만일 월차휴가를 부여한 것으로 볼 수 없다면 이미 월차휴가 수당의 명목으로 지급된 금액을 차후 발생하는 임금채권과 상계하는 형식으로 회수가 가능한지","○ 귀 질의내용이 명확하지 아니하여 정확한 답변이 곤란하나, 24시간 격일제 근로형태하에서 당해 근무일에 12시간만 휴무를 부여한 날에 대하여 이는 월차유급휴가를 부여한 것으로 볼 수 없으므로 별도의 월차유급휴가를 부여하거나 월차유급휴가를 사용하지 아니한 경우에는 월차유급휴가근로수당을 지급해야 할 것임. ○ 이를 전제로, 12시간 휴무를 부여한 날에 실제 근로한 시간(12시간)분을 초과하여 임금을 지급하였다면 그 초과된 임금에 대해서는 환수할 수 있으며, 이후 발생하는 임금채권과의 상계도 가능하다고 사료됨. 이 경우 근로기준법 제42조의 임금전액불 원칙에 위배되지 않는다고 사료됨."
350101-314780,2교대 근무를 함에 있어 근무조별로 다른 요일이 주휴일에 해당함에 따라 할증임금 적용을 서로 다르게 할 수 있는지,고용노동부,근로기준과-5410,2004.10.11,https://www.law.go.kr/LSW/cgmExpcInfoP.do?cgmExpcSeq=314780,"당사 임금규정 제50조제2항은 “시급제 직원이 주휴일에 근무시에는 실근무시간에 대하여 제2시급(시간급 통상임금의 50%를 가산한 금액)을 승한 금액을 주휴일 근로수당으로 지급하며, 동일 8시간을 초과하는 연장근로시간과 22시 이후 06시까지 사이의 야간근로시간에 대하여는 각각 개인별 시간급 통상임금의 50%를 가산한 금액을 주휴근로수당에 합산하여 지급한다.”고 규정하여 휴일(주휴, 약정휴일) 8시간 초과하는 근무에 대하여 기본휴일할증과 별도로 50% 추가 할증하고 있음. 2교대 근무자 근무시간산정 - 2교대 근무 편성표(주 44시간 근무 기준) : 2004년 7월 1일 이전","사용자는 「근로기준법」 제54조[현 「근로기준법」 제55조] 및 동법 시행령 제25조[현 동법시행령 제30조]의 규정에 의한 주휴일을 1주일에 평균 1회 이상 부여하면 되며, 반드시 일요일 등 특정일에 부여하여야 할 의무는 없는 것이므로 노사당사자는 단체협약이나 취업규칙 등으로 특정일을 주휴일로 정할 수 있을 것이며, 귀 질의서와 같이 근무조별로 다른 날(요일)을 주휴일로 정하더라도 무방할 것임. 따라서, 귀 질의서의 사업장과 같이 2개의 근무 조 중 ‘1조’는 매주 일요일을 주휴일로 정하고 있으나, ‘2조’는 매주 토요일을 주휴일로 정하고 있을 경우 다음날인 매주 일요일은 주휴일이 아닌 소정근로일로 보더라도 무방하다 할 것임. 요컨대, 귀 질의의 경우 1설)이 타당하다고 사료됨."
350101-314818,"24시간 격일제근로로 적용제외 승인을 받은 경우, 3일 연속 근무가 승인취소의 사유가 되는지",고용노동부,근기 68207-000,2003.7.3,https://www.law.go.kr/LSW/cgmExpcInfoP.do?cgmExpcSeq=314818,최저임금위원회에서는 지난 28일 회의를 개최하여 서기 2002년 9월 1일부터 2003년 8월 31일까지 적용될 최저임금을 결정하였음. 「근로기준법」 제61조(적용의 제외) [현 「근로기준법」 제63조] 3호의 감시 또는 단속적으로 근로에 종사하는 사업체(아파트)의 근로자들의 최저임금 비적용 대상의 직종이 불명하여 다음과 같은 직종에 대하여 질의함. - 경비원 - 미화원(청소원) - 격일로 근무하는 전기 및 기관실 종사원 (해당 직종의 자격증이 없음) - 격일 근무하는 근로자(3항 종사자)가 3일 연속 근무할 때(24시간×3일＝72시간) 「근로기준법」에 위배되지 않는지 ?,"「근로기준법」 제61조[현 「근로기준법」 제63조]제3호에 해당하는 감시ㆍ단속적 근로자로서 노동부 장관에게 적용제외승인을 받은 자는 동법 제4장과 제5장에서 정한 근로시간, 휴게와 휴일에 관한 규정이 적용되지 않음. 귀 질의 4)의 내용이 일부 불분명하여 정확한 답변이 곤란하나, 24시간 격일제 근로형태로 적용제외 승인을 받은 이후 일시적인 필요에 의하여 당사자의 합의하에 3일 연속 근무한 경우라면 근로형태의 변경으로 보기는 어려울 것이나, 상태적으로 3일 연속근무가 계속되는 경우라면 적용제외승인 취소사유에 해당하는 근로형태의 변경으로 볼 수 있다고 사료됨."
350101-315004,1사 다수노조로 단협 만료일이 서로 다를 경우 면제 한도 배분방법,고용노동부,노사관계법제과-739,2010.9.10,https://www.law.go.kr/LSW/cgmExpcInfoP.do?cgmExpcSeq=315004,"1. 3개 부문단위 내에 복수노소가 존재 중이며, 이중 기존 회사의 ""갑""노조만 '10. 7. 1. 부터 근로시간면제 제도의 적용을 받으며, 그 외 노조의 경우 '10. 1. 1. 이전 유효하게 체결 된 단협에 의해 단협만료 기한인 '11. 0월까지 전임자 임금을 지급받게 되어 있음 2. 하나의 사업으로 인정된다면 기존 회사의 식음노조는 ' 10. 7. 1.부터 전체 노조 조합원 수에 비례해서 근로시간면제 한도를 정해야 하는 것인지? 아니면 그 외 노조가 타임오프를 적용받는 '11. 0월경까지는 개별 사업장으로 인정되어 전체 조합원수에 비례해서 산정 하지 않아도 되는 것인지","○ 탄력적근로시간제를 규정하고 있는 근로기준법 제50조에서 제1항에 의한 2주이내의 단위기간을 정한 경우와 제2항에 의한 1월이내의 단위기간을 정한 경우는 각각 별개의 것으로 보아야 할 것임 ○ 따라서, 1월이내의 단위기간을 정하고 동조제2항에 의한 다른 요건도 모두 갖춘 경우라면 동조제2항에 의한 탄력적 근로시간제를 도입한 것으로 볼 수 있으며, 그 단위기간이 반드시 2주 이상 1월 이내일 필요는 없다고 사료됨 ○ 또한, 이 경우 그 단위기간이 2주 이내의 기간이라 하더라도 동조제2항에 의해 규율되기 때문에 특정일의 근로시간은 12시간을 초과할 수 없을 것임"
350101-315038,24시간 격일제 근로자 연차유급휴가 사용 관련,고용노동부,근로개선정책과-4504,2012.9.7,https://www.law.go.kr/LSW/cgmExpcInfoP.do?cgmExpcSeq=315038,"○ 관내 ○○아파트관리사무소의 경비원의 경우 격일제 근로하에서 아래와 같은 형태로 월차유급휴가를 사용하고 있는 바, 월차유급휴가의 사용내용을 두고 근로기준법 위반여부 논란이 있어 질의함 【개요】 - 근로형태 : 24시간 격일제(시업시각:06시, 종업시각:익일 06시, 익일 휴무) - 월차유급휴가 사용형태 ; 근무일에 월차유급휴가로 12시간 휴무를 부여한 후 나머지 12시간은 근로를 제공(06시부터 18시까지 휴무, 18시～익일 06시까지 근로) - 근로자 요구사항 : 월차유급휴가는 1일 사용하여야 함에도 12시간만 사용하였기 때문에 미사용한 12시간 근로에 대한 임금요구","○ 근로기준법 제57조에 의한 월차유급휴가는 1월간 개근한 근로자에게 1일의 휴가를 주는 것으로 휴가는 원칙적으로 “일”단위로 부여해야 하며, 근로시간대가 역일상 2일에 걸쳐 있는 등 부득이한 경우에는 연속하는 24시간이상으로 주어도 무방함 ○ 다만, 귀 질의와 같이 24시간 격일제 근무를 하는 경우에는 근무일의 근로를 전제로 다음날 휴무를 부여하는 것이므로 근무일과 휴무일을 모두 쉴 경우 2일의 휴가를 사용한 것으로 보아도 무방하며(동 월차휴가 외에 연차휴가나 적치된 월차휴가를 사용한 것으로 하는 등), 근로자가 1일의 월차휴가를 사용한 것으로 해줄 것을 요구하는 경우에 사용자는 비번일인 휴무일에 근무일의 근로시간의 절반에 해당하는 근로(반일근무)를 시킬 수 있을 것임 ○ 귀 질의와 같이 12시간만 휴무를 부여한 경우 이는 월차유급휴가를 부여한 것으로 볼 수 없고, 따라서 별도로 월차유급휴가를 주어야 할 것으로 사료됨. 다만, 이와 같이 별도로 월차유급휴가를 주는 것을 전제로 할 때 근로를 제공하지 아니한 시간에 대해서는 임금을 지급하지 아니할 수 있을 것임"
350101-315198,"2002년 6개월간 근무 경력이 있는 자를 채용하여 2011.3.24.~ 12.31까지 기간제로 사용하고 2012년말까지 계약기간을 1년 연장하는 경우, 근로기간이 2년을 초과하여 무기계약근로자로 전환되는지 여부",고용노동부,고용차별개선과-2097,2011.11.29,https://www.law.go.kr/LSW/cgmExpcInfoP.do?cgmExpcSeq=315198,"2002년 6개월간 근무 경력이 있는 자를 채용하여 2011.3.24.~ 12.31까지 기간제로 사용하고 2012년말까지 계약기간을 1년 연장하는 경우, 근로기간이 2년을 초과하여 무기계약근로자로 전환되는지 여부","「기간제 및 단시간 근로자 보호 등에 관한 법률」 (이하 ‘기간제법’이라 함) 제4조제1항에 따르면 사용자는 2년을 초과하지 아니하는 범위 안에서(기간제 근로계약의 반복갱신 등의 경우에는 그 계속근로한 총기간이 2년을 초과하지 아니하는 범위 안에서) 기간제근로자를 사용할 수 있고, 제1항 단서의 사유가 없거나 소멸되었음에도 불구하고 2년을 초과하여 기간제를 사용하는 경우에는 기간의 정함이 없는 근로계약을 체결한 것으로 간주하고 있음 기간제법은 2007.7.1. 이후 근로계약을 체결?갱신한 경우에 적용되는 것이므로 기간제법 시행일(2007.7.1.) 이전에 근로계약을 체결하여 근로한 기간(2002.3~2002.8)은 기간제법의 적용을 받지 않음- 기간제법 시행일(2007.7.1.) 이후 근로계약을 체결한 2011.3.24.부터 근로기간을 산정하여 계속근로기간이 2년을 초과하는 시점부터 기간의 정함이 없는 근로계약을 체결한 것으로 간주됨"
350101-315334,24시간 격일제 근로의 경우 1주간의 비번일 중 1일을 유급처리시 별도로 주휴일을 부여해야 하는지,고용노동부,근기 68207-2663,2002.8.8,https://www.law.go.kr/LSW/cgmExpcInfoP.do?cgmExpcSeq=315334,○ 24시간 격일근로 하는 아파트 경비직 근로자들에게 주휴일 근로수당 지급여부에 대하여 다음과 같은 양설 중 어느 설이 타당한지 ○갑설)24시간 격일근로의 아파트 경비직 근로자라도 단속적 감시적 인가를 받지 않았을 경우라면 주휴일 근로수당을 지급받을 수 있다는 설 ○을설)24시간 격일근로의 아파트 경비직 근로자들은 단속적 감시적 인가를 받지 않았을 경우라도 월 30일 중 15일만 근로함으로 주휴일 근로수당을 받을 수 없다는 설,"○ 귀 질의내용이 명확하지 아니하여 정확한 답변이 곤란하나, 근로기준법 제61조제3호에 의하여 감시.단속적 근로에 종사하는 자로 적용제외 승인을 받지 아니한 경우에는 근로시간, 휴게, 휴일규정이 적용되며, 따라서 휴일근로에 따른 가산임금을 포함하여 포괄임금방식으로 임금을 정하는 등의 특별한 사유가 없는 한, 휴일근로에 따른 휴일근로가산수당을 지급해야 할 것임. - 다만, 24시간 격일제 근로자의 경우 특별한 사정이 없는 한, 1주간의 비번일 중 1일을 유급 처리하는 경우라면 주휴일을 부여한 것으로 볼 수 있을 것임."
350101-315444,10인 미만 사업장 취업규칙의 효력 등 관련 행정해석 변경,고용노동부,근로기준팀-2046,2005.12.28,https://www.law.go.kr/LSW/cgmExpcInfoP.do?cgmExpcSeq=315444,10인 미만 사업장 취업규칙의 효력 등 관련 행정해석 변경,"상시 10인 미만의 근로자를 사용하는 사업장에서 임의로 작성ㆍ운영하는 취업규칙의 효력 등에 대한 행정해석을 다음과 같이 변경하니 업무에 참고하시기 바람. 종전 행정해석 (1) “6명의 근로자를 사용하고 있는 경우 …취업규칙을 작성하고 동 취업규칙으로 근로조건의 전부 또는 일부를 규율하고 있다면 근로조건의 저하를 초래하는 취업규칙의 불이익변경을 위해서는 근로자의 동의를 얻어야 하는 바…”(근기 68207-1980, 2001.6.19.) (2) “상시 10인 미만의 사용자는 취업규칙의 작성ㆍ신고의무가 없으나 실제로 취업규칙을 통하여 근로조건의 전부 또는 일부를 규율하고 있고, 그와 같이 취업규칙을 통해 근로조건을 정하는데 대하여 노사당사자가 합의하였다면 그 취업규칙의 내용은 근로계약의 내용으로 되며, … 불이익변경 시 근로자과반수의 동의를 얻은 경우 당해 사업장의 전체 근로자에게 효력이 있는 것임”(근기 68207-1495, 2003.11.8.) 변경 후 해석 - “상시 10인 미만의 근로자를 사용하는 사용자는 취업규칙의 작성ㆍ신고의무가 없으나 실제로 취업규칙을 통하여 근로조건의 전부 또는 일부를 규율하고 있다면, 근로조건의 저하를 초래하는 취업규칙의 불이익변경 시 「근로기준법」 제97조[현 「근로기준법」 제94조]의 규정에 의한 근로자의 동의를 얻어야 효력이 있는 것임. 다만, 상시 4인 이하의 근로자를 사용하는 사업(장)은 동법 제9장의 취업규칙에 관한 규정이 적용되지 않으므로 사용자가 임의로 취업규칙을 작성ㆍ운영하더라도 동법 제100조[현 「근로기준법」 제97조]의 효력을 인정하기 어렵다고 사료됨.” 변경이유：‘붙임’ 「상시 10인 미만 사업장의 취업규칙의 효력에 관한 자문 및 검토결과」 참조. 행정사항：이 행정해석과 배치되는 종전의 해석은 모두 폐지하고 이 해석에 따름."
350101-8306,2개의 지정기관이 합병하는 경우 타당성 여부 및 시설기준,고용노동부,안정 68307-584,2001.7.6,https://www.law.go.kr/LSW/cgmExpcInfoP.do?cgmExpcSeq=8306,"1. 안전관리 대행기관과 지정교육기관으로 지정을 받은 2개 기관이 경영합리화에 따라 합병하는 경우 타당성 여부(합병시의 명칭은 지정 교육기관 명칭으로 함) 2. 사무실 시설 기준으로 안전관리 대행기관은 50㎡ 이상, 지정 교육기관은 77㎡이상으로 규정되어 있는 바, 합병 시 의 사무실의 시설기준은 지정 교육기관의 시설기준인 77㎡ 이상 하나의 사무실만으로 가능한지 여부","1. 상기 합병이 귀문과 같이 지정 교육기관이 안전관리 대행기관을 흡수하는 합병 이라면 합병 결과 안전관리 대행기관이 소멸됨에 따라 안전관리 대행기관으로서 수행하던 업무가 폐지되는 것이므로 산업안전보건법 시행규칙 제18조 제5항의 규정에 의하여 당해 안전관리 대행기관 지정서를 반납하여야 하는 한편, 합병으로 소멸된 안전관리 대행 업무를 추가적으로 수행하기 위해서는 산업 안전보건법 시행령 제15조의 2 및 제15조의 3의 규정에 의하여 안전관리 대행 기관지 정 신청을 하여 안전관리 대행기관 지정서를 새롭게 교부받아야 함 기관 2. 안전관리 대행기관의 사무실 시설 기준은 50㎡ 이상이고, 지정 교육기관의 사무실 시설기준은 77㎡ 이상으로 규정되어 있는 바, 이는 산업안전보건법령이 정하는 당해 기관의 인력 및 장비를 수용하고, 업무를 수행하는 데 필요한 최소한의 기준임 따라서 상기 합병 사례에서 안전관리 대행기관 및 지정교육기관으로 각각 지정을 받아두 기관의 업무를 수행하고자 하는 경우 구비해야 할 사무실은 두 기관의 사무실 시설 기준을 합한 127㎡ 이상이어야 함."
350101-8440,2개 이상의 훈련기관이 훈련과 관련한 업무제휴계약을 체결 하고 진행하는 직업능력개발훈련과정에 대해 지정이 가능한지?,고용노동부,인자68500-899,2001.7.25,https://www.law.go.kr/LSW/cgmExpcInfoP.do?cgmExpcSeq=8440,"○ 우편매체를 이용한 통신훈련을 실시하는 위탁훈련기관 중 일부 훈련기관이 타 훈련기관과 업무제휴계약을 체결하고, - 지방노동관서로부터 훈련과정지정은 “A”훈련기관(언론사 자회사 등인지도가 있는 훈련기관)이 받고, 실제훈련은 “B”훈련기관(신규훈련기관이나 법적 근거가 없는 훈련기관)이 실시하고 있는 경우 훈련과정 지정이 가능한지? 【참고자료: A사와 B의 계약내용】 ○ “B”훈련기관은 교육과정의 기획 및 개발, 교재 및 자료제작, 교재발송, 첨삭지도의 실시, 수강관리 사무 등 교육과정 운영을 책임지고, 자신의 비용과 책임으로 영업조직 및 인력을 운용하며 홍보 및 교육과정의 수주업무를 담당. “A""훈련기관의 명의로 훈련비를 청구하여 ”A“훈련기관에 입금하여야 하고 민.형사상 모든 책임을 “B”훈련기관이 짐. ○ “A”훈련기관은 교육비 수령 후 7일 이내에 업무비용(“B”훈련기관 수주교육 10%, 자체수주교육 20%)을 공제한 금액을 “B”훈련기관에 지급한다로 되어 있음.","○ 근로자직업훈련촉진법 제28조의 규정에 의거하여 직업능력개발훈련과정에 대한 위탁훈련의 지정신청은 동 위탁훈련과정에 대한 적어도 하나 이상 위탁사업주의 위탁계약을 첨부한 경우에 동 위탁훈련 실시기관이 사업주를 대신하여 지정신청을 할 수 있는 것임.(인자68500-797, ‘01.6.27. 인자68500-695, ’01.5.28) - 따라서 지방노동관서에 직업능력개발훈련과정에 대한 지정신청을 할 수 있는 자는 사업주로부터 당해 훈련과정에 대한 위탁을 받은 훈련기관만이 동 대상이 되는 것으로 실제 위탁을 받아 훈련을 실시하는 자만이 가능한 것임. ○ 사업주로부터 위탁을 받은 자와 실제 훈련을 실시하는 자가 다른 경우 훈련과정의 지정이 불가함은 물론이며, 지정신청 당시 그 사실을 알려주지 않아 지정을 받아 훈련을 실시하는 경우에도 반드시 훈련과정의 지정취소를 하여야 할 것임."
350101-9130,2개 공사현장에 1인의 안전관리자를 선임할 경우 안전관련 서류 작성방법,고용노동부,산안건안) 68307-64,2003.3.12,https://www.law.go.kr/LSW/cgmExpcInfoP.do?cgmExpcSeq=9130,"○ 총 공사구간이 20㎞정도이고 공사구간내 교량 2개소외 옹벽 2개소 공사(120억원)를 주공사 1건, 나머지 옹벽공사와 기타공사를 합쳐 기타공사 1건으로 별도 계약 - 2개 이상의 공사가 동일한 시공자, 공사관리조직 및 체계하에서 시공되고 장소적으로도 근접하는 등의 조건을 갖춘 경우이고 이를 하나의 사업장으로 간주하여 공사건별로 관리책임자등선임보고를 하면서 안전관리자를 중복선임하여 관리하고 있음 ○ 원청인 회사가 2개의 공사건을 1개 업체에 일괄하도급을 주어 건별로 계약하고 동일업체가 시공하고 있으며 동일 근로자가 주 공사 및 기타복구에 같이 투입되고 안전점검시 전구간을 점검하고 안전시설 및 인건비도 구분 없이 공동으로 사용되는 등 1개의 사업장처럼 관리되고 있는 경우 1) 2건의 공사를 1개의 사업장으로 보아 안전교육, 안전점검일지(점검구간을 명확히 기재), 안전관리비 사용내역을 통합하여 1건으로 작성해도 되는지 2) 중복선임하여 1인이 관리하더라도 건별로 되어 있으므로 안전교육, 안전점검일지, 안전관리비를 별도로 작성하여야 하는지 여부","○ 건설현장에서 의무적으로 작성 및 보존하여야 하는 서류는 산업안전보건법 제30조의 규정에 의한 산업안전보건관리비 사용내역서와 동법 제64조의 규정에 의한 관리책임자 등 선임에 관한 서류, 기계.기구의 자체검사서류, 작업환경측정, 건강진단서류이며, 그 외의 안전보건교육일지, 안전점검일지, 협의체 구성.운영 서류 등은 법령상의 의무 이행여부에 대한 확인시에 필요한 서류임 ○ 귀 질의와 같이 인접한 2개 공사현장을 하나의 공사조직하에서 운영하는 경우 공사건별로 계상하여야 하는 산업안전보건관리비는 사용내역서도 별도로 작성하여야 하며, 그 외의 서류는 법령상의 의무 이행여부에 대한 확인이 가능하도록 현장의 관리방법이나 실정에 따라 적절한 방법으로 작성(통합 또는 별도) 하시면 될 것임"
350101-9192,2개 노조가 있는 회사에서 1개 노조원만으로 근로자위원 구성 가능여부,고용노동부,임금 32240-549,1992.7.31,https://www.law.go.kr/LSW/cgmExpcInfoP.do?cgmExpcSeq=9192,"1개 회사에 2개의 노동조합이 구성되어 있고 그 중 하나의 조합이 사용자와 임금협약에서 기금출연에 합의하였을 때 그 합의한 조합원만이 수혜를 받을 수 있는 기금운영이 가능한지, 그리고 같은 사업장에 조직된 다른 노동조합도 동일한 방법으로 기금출연에 합의하여 별도의 기금운영을 하도록 할 수 있는지와 그 합의한 하나의 노동조합만이 기금협의회의 근로자위원을 위촉할 수 있는지의 여부","법에 의한 기금출연의 협의ㆍ결정은 사내근로복지기금법 제9조 및 제13조의 규정에 의하여 기금협의회의 고유업무로 단체협약 또는 임금협약에 의하여 결정될 사항이 아니므로 단체협약 등에 기금출연을 약정하였다 하더라도 이러한 원칙이 배제될 수는 없는 것이며, 기금협의회에서 협의ㆍ결정하여 출연된 기금은 사업장 소속 전 근로자를 위하여 법령 또는 정관이 정하는 사업에 사용되어야 할 것임. 이는 법에 의한 기금출연의 절차 및 방법을 그르친 것이므로 당해 노동조합으로만 근로자위원의 위촉이 불가할 것임."
350101-9240,2개 노조가 모두 과반수 노조라고 통지하였고 사용자가 그대로 공고하였으나 어느 노조도 노동위원회에 이의신청하지 않은 경우 창 구단일화 절차는,고용노동부,노사관계법제과-3091,2012.11.7,https://www.law.go.kr/LSW/cgmExpcInfoP.do?cgmExpcSeq=9240,"◆ 사실관계 - 무기계약근로자 노동조합이 2개 있으며, 창구단일화 절차 진행 중 A노조와B노조가 모두 과반수 노조라고 통지함 - 이에 따라 사용자는 A노조, B노조 모두 과반수 노조로 공고하였으나 과반수 노조 공고기간동안 어느 노조도 노동위원회에 이의신청하지 않음 ※ A노조 32명, B노조 29명 - 이후 B노조는 과반수 노조 통지 철회서를 사용자에게 제줄 ◆ 질의내용 - 상기와 같은 경우 교섭대표노동조합을 어떻게 결정해야 하는지","◆ 귀 질의만으로는 구체적인 사실관계를 알 수 없어 정확한 답변은 어려우나, 귀질의와 같이 과반수 노조 통지 기한 내에 A, B 두 노동조합 모두 자신이 과반수노동조합임을 사용자에게 통지하였고, 사용자도 두 노동조합 모두가 과반수노동조합으로 통지한 내용을 5일간 공고하였으나, 해당 공고에 대해 어느 노동조합도 노동위원회에 이의를 제기하지 아니하여 과반수노동조합이 확정되지 않은 상황에서B노조가 과반수노동조합 통지 철회의 의사를 표시하였다면, - 사용자는 해당 철회 사실을 근거로 당초 A노조가 과반수노동조합임을 통지한사실을 다시 공고하여 과반수노동조합 결정 절차를 진행할 수 있을 것임."
350101-9528,2개 기금 운영 중 1개 기금 소속 사업장 폐쇄시 해산이 가능한지,고용노동부,복지68233-23,2003.1.29,https://www.law.go.kr/LSW/cgmExpcInfoP.do?cgmExpcSeq=9528,"◆ ㈜○○ 사내근로복지기금과 (주)○○기계 사내근로복지기금은 별개의 기금으로 설립 ㆍ운영되어 오다가 (주)○○기계 인천공장(주사무소)0| 2003년 2월 폐쇄 예정(분사무소는 2001년 7월 폐쇄). 이를 (주)○○기계 사내근로복지기금의 해산사유로 볼 수 있는지, 해산사유로 볼 수 있다면 사업의 페지로 인한 것인지 ㈜○○ 사내근로복지기금과의 흡수합병으로 인한 해산인지 ◆ 흡수합병하는 경우 기금협의회를 통해 잔여재산 중 일부를 퇴사근로자의 생활안정자금으로 지원한다고 의결가능한지와 흡수되는 (주)○○기계 사내근로복지기금이 기금협의회를 통한 합병의결없이 해산하는 경우 ㈜○○ 사내근로복지기금협의회가 단독으로 합병할 수 있는지 여부","◆ 귀 질의만으로는 구체적인 사실관계를 알 수 없어 정확한 답변은 어려우나, 귀질의와 같이 과반수 노조 통지 기한 내에 A, B 두 노동조합 모두 자신이 과반수노동조합임을 사용자에게 통지하였고, 사용자도 두 노동조합 모두가 과반수노동조합으로 통지한 내용을 5일간 공고하였으나, 해당 공고에 대해 어느 노동조합도 노동위원회에 이의를 제기하지 아니하여 과반수노동조합이 확정되지 않은 상황에서B노조가 과반수노동조합 통지 철회의 의사를 표시하였다면, - 사용자는 해당 철회 사실을 근거로 당초 A노조가 과반수노동조합임을 통지한사실을 다시 공고하여 과반수노동조합 결정 절차를 진행할 수 있을 것임."
