doc_id,title,subtitle,source_url
270215,가족돌봄 등 위기아동ㆍ청년 지원에 관한 법률( 약칭: 위기아동청년법 ),"[시행 2026. 3. 26.] [법률 제20846호, 2025. 3. 25., 제정]",https://www.law.go.kr/LSW/lsInfoP.do?lsiSeq=270215&efYd=20260326
272543,간호법 시행규칙,"[시행 2025. 6. 21.] [보건복지부령 제1118호, 2025. 6. 20., 제정]",https://www.law.go.kr/LSW/lsInfoP.do?lsiSeq=272543&efYd=20250621
272437,간호법 시행령,"[시행 2025. 6. 21.] [대통령령 제35597호, 2025. 6. 20., 제정]",https://www.law.go.kr/LSW/lsInfoP.do?lsiSeq=272437&efYd=20250621
265413,간호법,"[시행 2025. 6. 21.] [법률 제20445호, 2024. 9. 20., 제정]",https://www.law.go.kr/LSW/lsInfoP.do?lsiSeq=265413&efYd=20250621
271529,감염병의 예방 및 관리에 관한 법률 시행규칙( 약칭: 감염병예방법 시행규칙 ),"[시행 2025. 7. 31.] [보건복지부령 제1114호, 2025. 6. 2., 일부개정]",https://www.law.go.kr/LSW/lsInfoP.do?lsiSeq=271529&efYd=20250731
271469,감염병의 예방 및 관리에 관한 법률 시행령( 약칭: 감염병예방법 시행령 ),"[시행 2025. 7. 31.] [대통령령 제35574호, 2025. 6. 2., 일부개정]",https://www.law.go.kr/LSW/lsInfoP.do?lsiSeq=271469&efYd=20250731
270385,감염병의 예방 및 관리에 관한 법률( 약칭: 감염병예방법 ),"[시행 2025. 10. 2.] [법률 제20873호, 2025. 4. 1., 일부개정]",https://www.law.go.kr/LSW/lsInfoP.do?lsiSeq=270385&efYd=20251002
269825,건강검진기본법 시행규칙,"[시행 2025. 3. 11.] [보건복지부령 제1096호, 2025. 3. 11., 타법개정]",https://www.law.go.kr/LSW/lsInfoP.do?lsiSeq=269825&efYd=20250311
246241,건강검진기본법 시행령,"[시행 2022. 12. 20.] [대통령령 제33112호, 2022. 12. 20., 타법개정]",https://www.law.go.kr/LSW/lsInfoP.do?lsiSeq=246241&efYd=20221220
220873,건강검진기본법,"[시행 2020. 9. 12.] [법률 제17472호, 2020. 8. 11., 타법개정]",https://www.law.go.kr/LSW/lsInfoP.do?lsiSeq=220873&efYd=20200912
266289,경제자유구역 내 외국의료기관의 개설허가절차 등에 관한 규칙,"[시행 2024. 11. 7.] [보건복지부령 제1068호, 2024. 11. 7., 타법개정]",https://www.law.go.kr/LSW/lsInfoP.do?lsiSeq=266289&efYd=20241107
261481,고독사 예방 및 관리에 관한 법률 시행규칙( 약칭: 고독사예방법 시행규칙 ),"[시행 2024. 3. 25.] [보건복지부령 제1001호, 2024. 3. 25., 일부개정]",https://www.law.go.kr/LSW/lsInfoP.do?lsiSeq=261481&efYd=20240325
261047,고독사 예방 및 관리에 관한 법률 시행령( 약칭: 고독사예방법 시행령 ),"[시행 2024. 3. 15.] [대통령령 제34303호, 2024. 3. 12., 일부개정]",https://www.law.go.kr/LSW/lsInfoP.do?lsiSeq=261047&efYd=20240315
254853,고독사 예방 및 관리에 관한 법률( 약칭: 고독사예방법 ),"[시행 2024. 3. 15.] [법률 제19716호, 2023. 9. 14., 일부개정]",https://www.law.go.kr/LSW/lsInfoP.do?lsiSeq=254853&efYd=20240315
262725,고령친화산업 진흥법 시행령,"[시행 2024. 8. 22.] [대통령령 제34521호, 2024. 5. 21., 일부개정]",https://www.law.go.kr/LSW/lsInfoP.do?lsiSeq=262725&efYd=20240822
234671,고령친화산업 진흥법( 약칭: 고령친화산업법 ),"[시행 2022. 2. 18.] [법률 제18410호, 2021. 8. 17., 일부개정]",https://www.law.go.kr/LSW/lsInfoP.do?lsiSeq=234671&efYd=20220218
240827,공공보건의료에 관한 법률 시행규칙( 약칭: 공공보건의료법 시행규칙 ),"[시행 2022. 2. 18.] [보건복지부령 제866호, 2022. 2. 17., 일부개정]",https://www.law.go.kr/LSW/lsInfoP.do?lsiSeq=240827&efYd=20220218
249735,공공보건의료에 관한 법률 시행령( 약칭: 공공보건의료법 시행령 ),"[시행 2023. 6. 5.] [대통령령 제33382호, 2023. 4. 11., 타법개정]",https://www.law.go.kr/LSW/lsInfoP.do?lsiSeq=249735&efYd=20230605
242991,공공보건의료에 관한 법률( 약칭: 공공보건의료법 ),"[시행 2023. 6. 11.] [법률 제18897호, 2022. 6. 10., 타법개정]",https://www.law.go.kr/LSW/lsInfoP.do?lsiSeq=242991&efYd=20230611
270605,공중보건장학을 위한 특례법 시행규칙( 약칭: 공중보건장학법 시행규칙 ),"[시행 2025. 4. 4.] [보건복지부령 제1107호, 2025. 4. 4., 일부개정]",https://www.law.go.kr/LSW/lsInfoP.do?lsiSeq=270605&efYd=20250404
256029,공중보건장학을 위한 특례법 시행령( 약칭: 공중보건장학법 시행령 ),"[시행 2023. 11. 16.] [대통령령 제33858호, 2023. 11. 16., 타법개정]",https://www.law.go.kr/LSW/lsInfoP.do?lsiSeq=256029&efYd=20231116
259905,공중보건장학을 위한 특례법( 약칭: 공중보건장학법 ),"[시행 2025. 8. 7.] [법률 제20231호, 2024. 2. 6., 타법개정]",https://www.law.go.kr/LSW/lsInfoP.do?lsiSeq=259905&efYd=20250807
269589,공중위생관리법 시행규칙,"[시행 2025. 4. 23.] [보건복지부령 제1094호, 2025. 2. 28., 일부개정]",https://www.law.go.kr/LSW/lsInfoP.do?lsiSeq=269589&efYd=20250423
262791,공중위생관리법 시행령,"[시행 2024. 5. 28.] [대통령령 제34533호, 2024. 5. 28., 타법개정]",https://www.law.go.kr/LSW/lsInfoP.do?lsiSeq=262791&efYd=20240528
259521,공중위생관리법,"[시행 2025. 7. 31.] [법률 제20171호, 2024. 1. 30., 타법개정]",https://www.law.go.kr/LSW/lsInfoP.do?lsiSeq=259521&efYd=20250731
247981,구강보건법 시행규칙,"[시행 2023. 1. 26.] [보건복지부령 제935호, 2023. 1. 26., 일부개정]",https://www.law.go.kr/LSW/lsInfoP.do?lsiSeq=247981&efYd=20230126
221699,구강보건법 시행령,"[시행 2020. 9. 12.] [대통령령 제31013호, 2020. 9. 11., 타법개정]",https://www.law.go.kr/LSW/lsInfoP.do?lsiSeq=221699&efYd=20200912
251785,구강보건법,"[시행 2025. 6. 14.] [법률 제19474호, 2023. 6. 13., 타법개정]",https://www.law.go.kr/LSW/lsInfoP.do?lsiSeq=251785&efYd=20250614
269865,구급차의 기준 및 응급환자이송업의 시설 등 기준에 관한 규칙,"[시행 2025. 3. 11.] [보건복지부령 제1097호, 2025. 3. 11., 타법개정]",https://www.law.go.kr/LSW/lsInfoP.do?lsiSeq=269865&efYd=20250311
266205,국가바이오위원회의 설치 및 운영에 관한 규정,"[시행 2024. 11. 5.] [대통령령 제34983호, 2024. 11. 5., 제정]",https://www.law.go.kr/LSW/lsInfoP.do?lsiSeq=266205&efYd=20241105
271107,국내입양에 관한 특별법 시행규칙,"[시행 2025. 7. 19.] [보건복지부령 제1112호, 2025. 5. 14., 전부개정]",https://www.law.go.kr/LSW/lsInfoP.do?lsiSeq=271107&efYd=20250719
270995,국내입양에 관한 특별법 시행령,"[시행 2025. 7. 19.] [대통령령 제35498호, 2025. 5. 7., 전부개정]",https://www.law.go.kr/LSW/lsInfoP.do?lsiSeq=270995&efYd=20250719
260905,국내입양에 관한 특별법( 약칭: 국내입양특별법 ),"[시행 2025. 7. 19.] [법률 제20369호, 2024. 2. 27., 타법개정]",https://www.law.go.kr/LSW/lsInfoP.do?lsiSeq=260905&efYd=20250719
194077,국립소록도병원 운영규칙,"[시행 2017. 5. 30.] [보건복지부령 제497호, 2017. 5. 30., 타법개정]",https://www.law.go.kr/LSW/lsInfoP.do?lsiSeq=194077&efYd=20170530
166814,국립중앙의료원의 설립 및 운영에 관한 법률 시행규칙( 약칭: 중앙의료원법 시행규칙 ),"[시행 2015. 1. 5.] [보건복지부령 제287호, 2015. 1. 5., 일부개정]",https://www.law.go.kr/LSW/lsInfoP.do?lsiSeq=166814&efYd=20150105
209635,국립중앙의료원의 설립 및 운영에 관한 법률 시행령( 약칭: 중앙의료원법 시행령 ),"[시행 2019. 7. 2.] [대통령령 제29950호, 2019. 7. 2., 타법개정]",https://www.law.go.kr/LSW/lsInfoP.do?lsiSeq=209635&efYd=20190702
202640,국립중앙의료원의 설립 및 운영에 관한 법률( 약칭: 중앙의료원법 ),"[시행 2018. 9. 14.] [법률 제15441호, 2018. 3. 13., 일부개정]",https://www.law.go.kr/LSW/lsInfoP.do?lsiSeq=202640&efYd=20180914
269831,국민건강보험 요양급여의 기준에 관한 규칙( 약칭: 건강보험요양급여규칙 ),"[시행 2025. 3. 11.] [보건복지부령 제1096호, 2025. 3. 11., 타법개정]",https://www.law.go.kr/LSW/lsInfoP.do?lsiSeq=269831&efYd=20250311
270873,국민건강보험법 시행규칙,"[시행 2025. 4. 23.] [보건복지부령 제1109호, 2025. 4. 23., 일부개정]",https://www.law.go.kr/LSW/lsInfoP.do?lsiSeq=270873&efYd=20250423
272443,국민건강보험법 시행령,"[시행 2025. 6. 21.] [대통령령 제35597호, 2025. 6. 20., 타법개정]",https://www.law.go.kr/LSW/lsInfoP.do?lsiSeq=272443&efYd=20250621
265877,국민건강보험법,"[시행 2025. 4. 23.] [법률 제20505호, 2024. 10. 22., 일부개정]",https://www.law.go.kr/LSW/lsInfoP.do?lsiSeq=265877&efYd=20250423
263941,국민건강증진법 시행규칙,"[시행 2024. 7. 10.] [보건복지부령 제1027호, 2024. 7. 10., 일부개정]",https://www.law.go.kr/LSW/lsInfoP.do?lsiSeq=263941&efYd=20240710
272445,국민건강증진법 시행령,"[시행 2025. 6. 21.] [대통령령 제35597호, 2025. 6. 20., 타법개정]",https://www.law.go.kr/LSW/lsInfoP.do?lsiSeq=272445&efYd=20250621
269929,국민건강증진법,"[시행 2026. 1. 1.] [법률 제20813호, 2025. 3. 18., 일부개정]",https://www.law.go.kr/LSW/lsInfoP.do?lsiSeq=269929&efYd=20260101
269175,국민기초생활 보장법 시행규칙,"[시행 2025. 3. 21.] [보건복지부령 제1089호, 2025. 2. 17., 일부개정]",https://www.law.go.kr/LSW/lsInfoP.do?lsiSeq=269175&efYd=20250321
256037,국민기초생활 보장법 시행령,"[시행 2023. 11. 16.] [대통령령 제33858호, 2023. 11. 16., 타법개정]",https://www.law.go.kr/LSW/lsInfoP.do?lsiSeq=256037&efYd=20231116
265483,국민기초생활 보장법( 약칭: 기초생활보장법 ),"[시행 2025. 3. 21.] [법률 제20446호, 2024. 9. 20., 일부개정]",https://www.law.go.kr/LSW/lsInfoP.do?lsiSeq=265483&efYd=20250321
240833,국민연금과 직역연금의 연계에 관한 법률 시행규칙( 약칭: 연금연계법 시행규칙 ),"[시행 2022. 2. 18.] [보건복지부령 제865호, 2022. 2. 18., 일부개정]",https://www.law.go.kr/LSW/lsInfoP.do?lsiSeq=240833&efYd=20220218
240351,국민연금과 직역연금의 연계에 관한 법률 시행령( 약칭: 연금연계법 시행령 ),"[시행 2022. 2. 18.] [대통령령 제32438호, 2022. 2. 15., 일부개정]",https://www.law.go.kr/LSW/lsInfoP.do?lsiSeq=240351&efYd=20220218
234675,국민연금과 직역연금의 연계에 관한 법률( 약칭: 연금연계법 ),"[시행 2022. 2. 18.] [법률 제18412호, 2021. 8. 17., 일부개정]",https://www.law.go.kr/LSW/lsInfoP.do?lsiSeq=234675&efYd=20220218
272611,국민연금법 시행규칙,"[시행 2025. 6. 26.] [보건복지부령 제1119호, 2025. 6. 26., 일부개정]",https://www.law.go.kr/LSW/lsInfoP.do?lsiSeq=272611&efYd=20250626
272577,국민연금법 시행령,"[시행 2026. 1. 1.] [대통령령 제35602호, 2025. 6. 25., 일부개정]",https://www.law.go.kr/LSW/lsInfoP.do?lsiSeq=272577&efYd=20260101
267373,국민연금법,"[시행 2024. 12. 20.] [법률 제20584호, 2024. 12. 20., 일부개정]",https://www.law.go.kr/LSW/lsInfoP.do?lsiSeq=267373&efYd=20241220
269833,국민영양관리법 시행규칙,"[시행 2025. 3. 11.] [보건복지부령 제1096호, 2025. 3. 11., 타법개정]",https://www.law.go.kr/LSW/lsInfoP.do?lsiSeq=269833&efYd=20250311
255025,국민영양관리법 시행령,"[시행 2023. 9. 29.] [대통령령 제33755호, 2023. 9. 26., 타법개정]",https://www.law.go.kr/LSW/lsInfoP.do?lsiSeq=255025&efYd=20230929
257757,국민영양관리법,"[시행 2024. 7. 3.] [법률 제19886호, 2024. 1. 2., 일부개정]",https://www.law.go.kr/LSW/lsInfoP.do?lsiSeq=257757&efYd=20240703
271103,국제입양에 관한 법률 시행규칙,"[시행 2025. 7. 19.] [보건복지부령 제1113호, 2025. 5. 14., 제정]",https://www.law.go.kr/LSW/lsInfoP.do?lsiSeq=271103&efYd=20250719
271057,국제입양에 관한 법률 시행령,"[시행 2025. 7. 19.] [대통령령 제35500호, 2025. 5. 7., 제정]",https://www.law.go.kr/LSW/lsInfoP.do?lsiSeq=271057&efYd=20250719
260909,국제입양에 관한 법률( 약칭: 국제입양법 ),"[시행 2025. 7. 19.] [법률 제20369호, 2024. 2. 27., 타법개정]",https://www.law.go.kr/LSW/lsInfoP.do?lsiSeq=260909&efYd=20250719
271109,기초연금법 시행규칙,"[시행 2025. 7. 19.] [보건복지부령 제1112호, 2025. 5. 14., 타법개정]",https://www.law.go.kr/LSW/lsInfoP.do?lsiSeq=271109&efYd=20250719
260731,기초연금법 시행령,"[시행 2024. 2. 27.] [대통령령 제34258호, 2024. 2. 27., 타법개정]",https://www.law.go.kr/LSW/lsInfoP.do?lsiSeq=260731&efYd=20240227
232643,기초연금법,"[시행 2022. 1. 1.] [법률 제18213호, 2021. 6. 8., 일부개정]",https://www.law.go.kr/LSW/lsInfoP.do?lsiSeq=232643&efYd=20220101
237465,긴급복지지원법 시행규칙,"[시행 2022. 1. 1.] [보건복지부령 제841호, 2021. 12. 6., 일부개정]",https://www.law.go.kr/LSW/lsInfoP.do?lsiSeq=237465&efYd=20220101
242023,긴급복지지원법 시행령,"[시행 2022. 5. 3.] [대통령령 제32620호, 2022. 5. 3., 일부개정]",https://www.law.go.kr/LSW/lsInfoP.do?lsiSeq=242023&efYd=20220503
251741,긴급복지지원법,"[시행 2023. 12. 14.] [법률 제19448호, 2023. 6. 13., 일부개정]",https://www.law.go.kr/LSW/lsInfoP.do?lsiSeq=251741&efYd=20231214
269835,노숙인 등의 복지 및 자립지원에 관한 법률 시행규칙( 약칭: 노숙인복지법 시행규칙 ),"[시행 2025. 3. 11.] [보건복지부령 제1096호, 2025. 3. 11., 타법개정]",https://www.law.go.kr/LSW/lsInfoP.do?lsiSeq=269835&efYd=20250311
224121,노숙인 등의 복지 및 자립지원에 관한 법률 시행령( 약칭: 노숙인복지법 시행령 ),"[시행 2020. 12. 15.] [대통령령 제31269호, 2020. 12. 15., 일부개정]",https://www.law.go.kr/LSW/lsInfoP.do?lsiSeq=224121&efYd=20201215
224917,노숙인 등의 복지 및 자립지원에 관한 법률( 약칭: 노숙인복지법 ),"[시행 2021. 6. 30.] [법률 제17775호, 2020. 12. 29., 일부개정]",https://www.law.go.kr/LSW/lsInfoP.do?lsiSeq=224917&efYd=20210630
266255,노인 일자리 및 사회활동 지원에 관한 법률 시행규칙( 약칭: 노인일자리법 시행규칙 ),"[시행 2024. 11. 1.] [보건복지부령 제1069호, 2024. 11. 1., 제정]",https://www.law.go.kr/LSW/lsInfoP.do?lsiSeq=266255&efYd=20241101
266187,노인 일자리 및 사회활동 지원에 관한 법률 시행령( 약칭: 노인일자리법 시행령 ),"[시행 2024. 11. 1.] [대통령령 제34978호, 2024. 10. 31., 제정]",https://www.law.go.kr/LSW/lsInfoP.do?lsiSeq=266187&efYd=20241101
270389,노인 일자리 및 사회활동 지원에 관한 법률( 약칭: 노인일자리법 ),"[시행 2025. 10. 2.] [법률 제20875호, 2025. 4. 1., 일부개정]",https://www.law.go.kr/LSW/lsInfoP.do?lsiSeq=270389&efYd=20251002
269837,노인복지법 시행규칙,"[시행 2025. 3. 11.] [보건복지부령 제1096호, 2025. 3. 11., 타법개정]",https://www.law.go.kr/LSW/lsInfoP.do?lsiSeq=269837&efYd=20250311
273157,노인복지법 시행령,"[시행 2025. 8. 17.] [대통령령 제35702호, 2025. 8. 12., 일부개정]",https://www.law.go.kr/LSW/lsInfoP.do?lsiSeq=273157&efYd=20250817
270391,노인복지법,"[시행 2025. 10. 2.] [법률 제20876호, 2025. 4. 1., 일부개정]",https://www.law.go.kr/LSW/lsInfoP.do?lsiSeq=270391&efYd=20251002
272547,노인장기요양보험법 시행규칙,"[시행 2025. 6. 21.] [보건복지부령 제1118호, 2025. 6. 20., 타법개정]",https://www.law.go.kr/LSW/lsInfoP.do?lsiSeq=272547&efYd=20250621
272625,노인장기요양보험법 시행령,"[시행 2025. 7. 1.] [대통령령 제35626호, 2025. 7. 1., 일부개정]",https://www.law.go.kr/LSW/lsInfoP.do?lsiSeq=272625&efYd=20250701
267387,노인장기요양보험법,"[시행 2025. 6. 21.] [법률 제20587호, 2024. 12. 20., 일부개정]",https://www.law.go.kr/LSW/lsInfoP.do?lsiSeq=267387&efYd=20250621
243313,노후준비 지원법 시행규칙,"[시행 2022. 6. 22.] [보건복지부령 제894호, 2022. 6. 22., 일부개정]",https://www.law.go.kr/LSW/lsInfoP.do?lsiSeq=243313&efYd=20220622
266791,노후준비 지원법 시행령,"[시행 2024. 12. 27.] [대통령령 제35038호, 2024. 12. 3., 타법개정]",https://www.law.go.kr/LSW/lsInfoP.do?lsiSeq=266791&efYd=20241227
267389,노후준비 지원법,"[시행 2024. 12. 20.] [법률 제20588호, 2024. 12. 20., 일부개정]",https://www.law.go.kr/LSW/lsInfoP.do?lsiSeq=267389&efYd=20241220
270019,농어촌 등 보건의료를 위한 특별조치법 시행규칙( 약칭: 농어촌의료법 시행규칙 ),"[시행 2025. 3. 21.] [보건복지부령 제1099호, 2025. 3. 13., 일부개정]",https://www.law.go.kr/LSW/lsInfoP.do?lsiSeq=270019&efYd=20250321
246277,농어촌 등 보건의료를 위한 특별조치법 시행령( 약칭: 농어촌의료법 시행령 ),"[시행 2022. 12. 20.] [대통령령 제33112호, 2022. 12. 20., 타법개정]",https://www.law.go.kr/LSW/lsInfoP.do?lsiSeq=246277&efYd=20221220
265327,농어촌 등 보건의료를 위한 특별조치법( 약칭: 농어촌의료법 ),"[시행 2025. 3. 21.] [법률 제20449호, 2024. 9. 20., 타법개정]",https://www.law.go.kr/LSW/lsInfoP.do?lsiSeq=265327&efYd=20250321
247357,농어촌주민의 보건복지 증진을 위한 특별법 시행규칙( 약칭: 농어촌복지법 시행규칙 ),"[시행 2022. 12. 30.] [보건복지부령 제931호, 2022. 12. 30., 타법개정]",https://www.law.go.kr/LSW/lsInfoP.do?lsiSeq=247357&efYd=20221230
271001,농어촌주민의 보건복지 증진을 위한 특별법 시행령( 약칭: 농어촌복지법 시행령 ),"[시행 2025. 7. 19.] [대통령령 제35498호, 2025. 5. 7., 타법개정]",https://www.law.go.kr/LSW/lsInfoP.do?lsiSeq=271001&efYd=20250719
252707,농어촌주민의 보건복지 증진을 위한 특별법( 약칭: 농어촌복지법 ),"[시행 2025. 7. 19.] [법률 제19555호, 2023. 7. 18., 타법개정]",https://www.law.go.kr/LSW/lsInfoP.do?lsiSeq=252707&efYd=20250719
255879,담배의 유해성 관리에 관한 법률( 약칭: 담배유해성관리법 ),"[시행 2025. 11. 1.] [법률 제19815호, 2023. 10. 31., 제정]",https://www.law.go.kr/LSW/lsInfoP.do?lsiSeq=255879&efYd=20251101
184833,대한노인회 지원에 관한 법률 시행규칙( 약칭: 대한노인회법 시행규칙 ),"[시행 2016. 8. 4.] [보건복지부령 제418호, 2016. 7. 18., 제정]",https://www.law.go.kr/LSW/lsInfoP.do?lsiSeq=184833&efYd=20160804
119420,대한노인회 지원에 관한 법률 시행령( 약칭: 대한노인회법 시행령 ),"[시행 2011. 12. 13.] [대통령령 제23374호, 2011. 12. 13., 제정]",https://www.law.go.kr/LSW/lsInfoP.do?lsiSeq=119420&efYd=20111213
180744,대한노인회 지원에 관한 법률( 약칭: 대한노인회법 ),"[시행 2016. 8. 4.] [법률 제13991호, 2016. 2. 3., 일부개정]",https://www.law.go.kr/LSW/lsInfoP.do?lsiSeq=180744&efYd=20160804
233367,대한적십자사 조직법 시행령,"[시행 2021. 6. 30.] [대통령령 제31845호, 2021. 6. 29., 일부개정]",https://www.law.go.kr/LSW/lsInfoP.do?lsiSeq=233367&efYd=20210630
265915,대한적십자사 조직법( 약칭: 적십자법 ),"[시행 2024. 10. 22.] [법률 제20511호, 2024. 10. 22., 타법개정]",https://www.law.go.kr/LSW/lsInfoP.do?lsiSeq=265915&efYd=20241022
270395,마약류 관리에 관한 법률( 약칭: 마약류관리법 ),"[시행 2025. 7. 2.] [법률 제20878호, 2025. 4. 1., 일부개정]",https://www.law.go.kr/LSW/lsInfoP.do?lsiSeq=270395&efYd=20250702
265147,마약류 중독자 치료보호 등에 관한 규칙( 약칭: 마약중독자치료보호규칙 ),"[시행 2024. 9. 4.] [보건복지부령 제1053호, 2024. 9. 4., 일부개정]",https://www.law.go.kr/LSW/lsInfoP.do?lsiSeq=265147&efYd=20240904
269033,마약류중독자 치료보호규정,"[시행 2025. 2. 7.] [대통령령 제35251호, 2025. 2. 6., 일부개정]",https://www.law.go.kr/LSW/lsInfoP.do?lsiSeq=269033&efYd=20250207
268255,모자보건법 시행규칙,"[시행 2025. 1. 24.] [보건복지부령 제1085호, 2025. 1. 14., 일부개정]",https://www.law.go.kr/LSW/lsInfoP.do?lsiSeq=268255&efYd=20250124
272453,모자보건법 시행령,"[시행 2025. 6. 21.] [대통령령 제35597호, 2025. 6. 20., 타법개정]",https://www.law.go.kr/LSW/lsInfoP.do?lsiSeq=272453&efYd=20250621
270399,모자보건법,"[시행 2025. 4. 1.] [법률 제20879호, 2025. 4. 1., 일부개정]",https://www.law.go.kr/LSW/lsInfoP.do?lsiSeq=270399&efYd=20250401
270033,발달장애인 권리보장 및 지원에 관한 법률 시행규칙( 약칭: 발달장애인법 시행규칙 ),"[시행 2025. 3. 19.] [보건복지부령 제1101호, 2025. 3. 19., 일부개정]",https://www.law.go.kr/LSW/lsInfoP.do?lsiSeq=270033&efYd=20250319
236853,발달장애인 권리보장 및 지원에 관한 법률 시행령( 약칭: 발달장애인법 시행령 ),"[시행 2022. 1. 1.] [대통령령 제32147호, 2021. 11. 23., 일부개정]",https://www.law.go.kr/LSW/lsInfoP.do?lsiSeq=236853&efYd=20220101
270367,발달장애인 권리보장 및 지원에 관한 법률( 약칭: 발달장애인법 ),"[시행 2025. 10. 2.] [법률 제20880호, 2025. 4. 1., 일부개정]",https://www.law.go.kr/LSW/lsInfoP.do?lsiSeq=270367&efYd=20251002
103537,병상 수급계획의 수립 및 조정에 관한 규칙,"[시행 2010. 3. 19.] [보건복지부령 제1호, 2010. 3. 19., 타법개정]",https://www.law.go.kr/LSW/lsInfoP.do?lsiSeq=103537&efYd=20100319
233817,보건범죄단속에관한특별조치법시행규칙( 약칭: 보건범죄단속법 시행규칙 ),"[시행 2021. 7. 7.] [보건복지부령 제817호, 2021. 7. 7., 타법개정]",https://www.law.go.kr/LSW/lsInfoP.do?lsiSeq=233817&efYd=20210707
103228,보건범죄단속에관한특별조치법시행령( 약칭: 보건범죄단속법 시행령 ),"[시행 2010. 3. 19.] [대통령령 제22075호, 2010. 3. 15., 타법개정]",https://www.law.go.kr/LSW/lsInfoP.do?lsiSeq=103228&efYd=20100319
225395,보건복지부 및 질병관리청 소관 비영리법인의 설립 및 감독에 관한 규칙,"[시행 2020. 12. 28.] [보건복지부령 제770호, 2020. 12. 28., 일부개정]",https://www.law.go.kr/LSW/lsInfoP.do?lsiSeq=225395&efYd=20201228
246201,보건복지부 소관 비상대비에 관한 법률 시행규칙,"[시행 2022. 12. 15.] [보건복지부령 제921호, 2022. 12. 15., 일부개정]",https://www.law.go.kr/LSW/lsInfoP.do?lsiSeq=246201&efYd=20221215
210611,보건복지부 소속 국립병원 및 국립재활원 임상연구비 지급규칙,"[시행 2019. 9. 27.] [보건복지부령 제672호, 2019. 9. 27., 타법개정]",https://www.law.go.kr/LSW/lsInfoP.do?lsiSeq=210611&efYd=20190927
272591,보건복지부와 그 소속기관 직제 시행규칙,"[시행 2025. 6. 23.] [보건복지부령 제1117호, 2025. 6. 23., 일부개정]",https://www.law.go.kr/LSW/lsInfoP.do?lsiSeq=272591&efYd=20250623
269275,보건복지부와 그 소속기관 직제,"[시행 2025. 2. 25.] [대통령령 제35302호, 2025. 2. 25., 일부개정]",https://www.law.go.kr/LSW/lsInfoP.do?lsiSeq=269275&efYd=20250225
223281,보건복지부장관의 소속 청장 지휘에 관한 규칙,"[시행 2020. 11. 27.] [보건복지부령 제764호, 2020. 11. 27., 제정]",https://www.law.go.kr/LSW/lsInfoP.do?lsiSeq=223281&efYd=20201127
264713,보건의료기본법 시행령,"[시행 2024. 8. 7.] [대통령령 제34810호, 2024. 8. 6., 일부개정]",https://www.law.go.kr/LSW/lsInfoP.do?lsiSeq=264713&efYd=20240807
267417,보건의료기본법,"[시행 2025. 6. 21.] [법률 제20589호, 2024. 12. 20., 일부개정]",https://www.law.go.kr/LSW/lsInfoP.do?lsiSeq=267417&efYd=20250621
264101,보건의료기술 진흥법 시행규칙,"[시행 2024. 7. 17.] [보건복지부령 제1033호, 2024. 7. 17., 일부개정]",https://www.law.go.kr/LSW/lsInfoP.do?lsiSeq=264101&efYd=20240717
267645,보건의료기술 진흥법 시행령,"[시행 2025. 1. 24.] [대통령령 제35157호, 2024. 12. 31., 일부개정]",https://www.law.go.kr/LSW/lsInfoP.do?lsiSeq=267645&efYd=20250124
259045,보건의료기술 진흥법( 약칭: 보건의료기술법 ),"[시행 2025. 1. 24.] [법률 제20096호, 2024. 1. 23., 일부개정]",https://www.law.go.kr/LSW/lsInfoP.do?lsiSeq=259045&efYd=20250124
103231,보건의료요원장학금규정,"[시행 2010. 3. 19.] [대통령령 제22075호, 2010. 3. 15., 타법개정]",https://www.law.go.kr/LSW/lsInfoP.do?lsiSeq=103231&efYd=20100319
273107,보건의료인력 수급추계위원회 규칙,"[시행 2025. 7. 31.] [보건복지부령 제1123호, 2025. 7. 31., 제정]",https://www.law.go.kr/LSW/lsInfoP.do?lsiSeq=273107&efYd=20250731
210947,보건의료인력지원법 시행규칙,"[시행 2019. 10. 24.] [보건복지부령 제682호, 2019. 10. 24., 제정]",https://www.law.go.kr/LSW/lsInfoP.do?lsiSeq=210947&efYd=20191024
256531,보건의료인력지원법 시행령,"[시행 2023. 12. 14.] [대통령령 제33947호, 2023. 12. 12., 일부개정]",https://www.law.go.kr/LSW/lsInfoP.do?lsiSeq=256531&efYd=20231214
265461,보건의료인력지원법,"[시행 2025. 6. 21.] [법률 제20445호, 2024. 9. 20., 타법개정]",https://www.law.go.kr/LSW/lsInfoP.do?lsiSeq=265461&efYd=20250621
208499,보호시설에 있는 미성년자의 후견 직무에 관한 법률 시행령( 약칭: 시설미성년후견법 시행령 ),"[시행 2019. 5. 24.] [대통령령 제29706호, 2019. 4. 23., 일부개정]",https://www.law.go.kr/LSW/lsInfoP.do?lsiSeq=208499&efYd=20190524
249869,보호시설에 있는 미성년자의 후견 직무에 관한 법률( 약칭: 시설미성년후견법 ),"[시행 2023. 10. 12.] [법률 제19340호, 2023. 4. 11., 타법개정]",https://www.law.go.kr/LSW/lsInfoP.do?lsiSeq=249869&efYd=20231012
263819,사회보장급여의 이용ㆍ제공 및 수급권자 발굴에 관한 법률 시행규칙( 약칭: 사회보장급여법 시행규칙 ),"[시행 2024. 7. 3.] [보건복지부령 제1024호, 2024. 7. 2., 일부개정]",https://www.law.go.kr/LSW/lsInfoP.do?lsiSeq=263819&efYd=20240703
271005,사회보장급여의 이용ㆍ제공 및 수급권자 발굴에 관한 법률 시행령( 약칭: 사회보장급여법 시행령 ),"[시행 2025. 7. 19.] [대통령령 제35498호, 2025. 5. 7., 타법개정]",https://www.law.go.kr/LSW/lsInfoP.do?lsiSeq=271005&efYd=20250719
267419,사회보장급여의 이용ㆍ제공 및 수급권자 발굴에 관한 법률( 약칭: 사회보장급여법 ),"[시행 2024. 12. 20.] [법률 제20590호, 2024. 12. 20., 일부개정]",https://www.law.go.kr/LSW/lsInfoP.do?lsiSeq=267419&efYd=20241220
237467,사회보장기본법 시행규칙,"[시행 2021. 12. 9.] [보건복지부령 제838호, 2021. 12. 6., 제정]",https://www.law.go.kr/LSW/lsInfoP.do?lsiSeq=237467&efYd=20211209
271497,사회보장기본법 시행령,"[시행 2025. 6. 21.] [대통령령 제35572호, 2025. 6. 2., 일부개정]",https://www.law.go.kr/LSW/lsInfoP.do?lsiSeq=271497&efYd=20250621
267367,사회보장기본법,"[시행 2025. 6. 21.] [법률 제20591호, 2024. 12. 20., 일부개정]",https://www.law.go.kr/LSW/lsInfoP.do?lsiSeq=267367&efYd=20250621
183954,사회복지공동모금회법 시행규칙,"[시행 2016. 8. 4.] [보건복지부령 제405호, 2016. 6. 15., 제정]",https://www.law.go.kr/LSW/lsInfoP.do?lsiSeq=183954&efYd=20160804
270401,사회복지공동모금회법,"[시행 2025. 10. 2.] [법률 제20881호, 2025. 4. 1., 일부개정]",https://www.law.go.kr/LSW/lsInfoP.do?lsiSeq=270401&efYd=20251002
246999,사회복지법인 및 사회복지시설 재무ㆍ회계 규칙,"[시행 2023. 1. 1.] [보건복지부령 제928호, 2022. 12. 28., 일부개정]",https://www.law.go.kr/LSW/lsInfoP.do?lsiSeq=246999&efYd=20230101
263583,사회복지사 등의 처우 및 지위 향상을 위한 법률 시행령( 약칭: 사회복지사법 시행령 ),"[시행 2024. 7. 3.] [대통령령 제34642호, 2024. 7. 2., 일부개정]",https://www.law.go.kr/LSW/lsInfoP.do?lsiSeq=263583&efYd=20240703
270403,사회복지사 등의 처우 및 지위 향상을 위한 법률( 약칭: 사회복지사법 ),"[시행 2025. 7. 2.] [법률 제20882호, 2025. 4. 1., 일부개정]",https://www.law.go.kr/LSW/lsInfoP.do?lsiSeq=270403&efYd=20250702
269839,사회복지사업법 시행규칙,"[시행 2025. 3. 11.] [보건복지부령 제1096호, 2025. 3. 11., 타법개정]",https://www.law.go.kr/LSW/lsInfoP.do?lsiSeq=269839&efYd=20250311
270039,사회복지사업법 시행령,"[시행 2025. 4. 23.] [대통령령 제35401호, 2025. 3. 25., 일부개정]",https://www.law.go.kr/LSW/lsInfoP.do?lsiSeq=270039&efYd=20250423
270405,사회복지사업법,"[시행 2025. 10. 2.] [법률 제20883호, 2025. 4. 1., 일부개정]",https://www.law.go.kr/LSW/lsInfoP.do?lsiSeq=270405&efYd=20251002
269841,사회서비스 이용 및 이용권 관리에 관한 법률 시행규칙( 약칭: 사회서비스이용권법 시행규칙 ),"[시행 2025. 3. 11.] [보건복지부령 제1096호, 2025. 3. 11., 타법개정]",https://www.law.go.kr/LSW/lsInfoP.do?lsiSeq=269841&efYd=20250311
267289,사회서비스 이용 및 이용권 관리에 관한 법률 시행령( 약칭: 사회서비스이용권법 시행령 ),"[시행 2025. 1. 3.] [대통령령 제35092호, 2024. 12. 24., 일부개정]",https://www.law.go.kr/LSW/lsInfoP.do?lsiSeq=267289&efYd=20250103
257855,사회서비스 이용 및 이용권 관리에 관한 법률( 약칭: 사회서비스이용권법 ),"[시행 2025. 1. 3.] [법률 제19894호, 2024. 1. 2., 일부개정]",https://www.law.go.kr/LSW/lsInfoP.do?lsiSeq=257855&efYd=20250103
241563,사회서비스 지원 및 사회서비스원 설립ㆍ운영에 관한 법률 시행규칙( 약칭: 사회서비스원법 시행규칙 ),"[시행 2022. 3. 25.] [보건복지부령 제875호, 2022. 3. 24., 제정]",https://www.law.go.kr/LSW/lsInfoP.do?lsiSeq=241563&efYd=20220325
264285,사회서비스 지원 및 사회서비스원 설립ㆍ운영에 관한 법률 시행령( 약칭: 사회서비스원법 시행령 ),"[시행 2024. 7. 24.] [대통령령 제34746호, 2024. 7. 23., 일부개정]",https://www.law.go.kr/LSW/lsInfoP.do?lsiSeq=264285&efYd=20240724
259163,사회서비스 지원 및 사회서비스원 설립ㆍ운영에 관한 법률( 약칭: 사회서비스원법 ),"[시행 2024. 7. 24.] [법률 제20099호, 2024. 1. 23., 일부개정]",https://www.law.go.kr/LSW/lsInfoP.do?lsiSeq=259163&efYd=20240724
266291,상급종합병원의 지정 및 평가에 관한 규칙,"[시행 2024. 11. 7.] [보건복지부령 제1068호, 2024. 11. 7., 타법개정]",https://www.law.go.kr/LSW/lsInfoP.do?lsiSeq=266291&efYd=20241107
271595,생명윤리 및 안전에 관한 법률 시행규칙( 약칭: 생명윤리법 시행규칙 ),"[시행 2025. 12. 3.] [보건복지부령 제1115호, 2025. 6. 2., 일부개정]",https://www.law.go.kr/LSW/lsInfoP.do?lsiSeq=271595&efYd=20251203
264307,생명윤리 및 안전에 관한 법률 시행령( 약칭: 생명윤리법 시행령 ),"[시행 2024. 7. 23.] [대통령령 제34747호, 2024. 7. 23., 일부개정]",https://www.law.go.kr/LSW/lsInfoP.do?lsiSeq=264307&efYd=20240723
260565,생명윤리 및 안전에 관한 법률( 약칭: 생명윤리법 ),"[시행 2024. 8. 21.] [법률 제20327호, 2024. 2. 20., 일부개정]",https://www.law.go.kr/LSW/lsInfoP.do?lsiSeq=260565&efYd=20240821
231533,시체 해부 및 보존 등에 관한 법률 시행규칙( 약칭: 시체해부법 시행규칙 ),"[시행 2021. 4. 9.] [보건복지부령 제793호, 2021. 4. 9., 전부개정]",https://www.law.go.kr/LSW/lsInfoP.do?lsiSeq=231533&efYd=20210409
220893,시체 해부 및 보존 등에 관한 법률( 약칭: 시체해부법 ),"[시행 2021. 4. 8.] [법률 제17472호, 2020. 8. 11., 타법개정]",https://www.law.go.kr/LSW/lsInfoP.do?lsiSeq=220893&efYd=20210408
241263,시체 해부 및 보존에 관한 법률 시행령( 약칭: 시체해부법 시행령 ),"[시행 2022. 3. 8.] [대통령령 제32528호, 2022. 3. 8., 타법개정]",https://www.law.go.kr/LSW/lsInfoP.do?lsiSeq=241263&efYd=20220308
210616,식품등 기부 활성화에 관한 법률 시행규칙( 약칭: 식품기부법 시행규칙 ),"[시행 2019. 9. 27.] [보건복지부령 제672호, 2019. 9. 27., 타법개정]",https://www.law.go.kr/LSW/lsInfoP.do?lsiSeq=210616&efYd=20190927
209898,식품등 기부 활성화에 관한 법률 시행령( 약칭: 식품기부법 시행령 ),"[시행 2019. 7. 9.] [대통령령 제29972호, 2019. 7. 9., 타법개정]",https://www.law.go.kr/LSW/lsInfoP.do?lsiSeq=209898&efYd=20190709
208466,식품등 기부 활성화에 관한 법률( 약칭: 식품기부법 ),"[시행 2019. 4. 23.] [법률 제16373호, 2019. 4. 23., 일부개정]",https://www.law.go.kr/LSW/lsInfoP.do?lsiSeq=208466&efYd=20190423
269687,신의료기술평가에 관한 규칙,"[시행 2025. 9. 7.] [보건복지부령 제1098호, 2025. 3. 6., 일부개정]",https://www.law.go.kr/LSW/lsInfoP.do?lsiSeq=269687&efYd=20250907
175133,실종아동등의 보호 및 지원에 관한 법률 시행규칙( 약칭: 실종아동법 시행규칙 ),"[시행 2015. 9. 22.] [보건복지부령 제354호, 2015. 9. 22., 일부개정]",https://www.law.go.kr/LSW/lsInfoP.do?lsiSeq=175133&efYd=20150922
273463,실종아동등의 보호 및 지원에 관한 법률 시행령( 약칭: 실종아동법 시행령 ),"[시행 2025. 8. 28.] [대통령령 제35716호, 2025. 8. 26., 타법개정]",https://www.law.go.kr/LSW/lsInfoP.do?lsiSeq=273463&efYd=20250828
260821,실종아동등의 보호 및 지원에 관한 법률( 약칭: 실종아동법 ),"[시행 2025. 8. 28.] [법률 제20357호, 2024. 2. 27., 타법개정]",https://www.law.go.kr/LSW/lsInfoP.do?lsiSeq=260821&efYd=20250828
252121,심뇌혈관질환의 예방 및 관리에 관한 법률 시행규칙( 약칭: 심뇌혈관질환법 시행규칙 ),"[시행 2023. 6. 22.] [보건복지부령 제945호, 2023. 6. 22., 일부개정]",https://www.law.go.kr/LSW/lsInfoP.do?lsiSeq=252121&efYd=20230622
272599,심뇌혈관질환의 예방 및 관리에 관한 법률 시행령( 약칭: 심뇌혈관질환법 시행령 ),"[시행 2025. 7. 31.] [대통령령 제35627호, 2025. 7. 1., 일부개정]",https://www.law.go.kr/LSW/lsInfoP.do?lsiSeq=272599&efYd=20250731
259525,심뇌혈관질환의 예방 및 관리에 관한 법률( 약칭: 심뇌혈관질환법 ),"[시행 2025. 7. 31.] [법률 제20171호, 2024. 1. 30., 타법개정]",https://www.law.go.kr/LSW/lsInfoP.do?lsiSeq=259525&efYd=20250731
267099,아동복지법 시행규칙,"[시행 2025. 1. 1.] [보건복지부령 제1075호, 2024. 12. 11., 일부개정]",https://www.law.go.kr/LSW/lsInfoP.do?lsiSeq=267099&efYd=20250101
271055,아동복지법 시행령,"[시행 2025. 7. 19.] [대통령령 제35499호, 2025. 5. 7., 일부개정]",https://www.law.go.kr/LSW/lsInfoP.do?lsiSeq=271055&efYd=20250719
270409,아동복지법,"[시행 2026. 4. 2.] [법률 제20885호, 2025. 4. 1., 일부개정]",https://www.law.go.kr/LSW/lsInfoP.do?lsiSeq=270409&efYd=20260402
240367,아동수당법 시행규칙,"[시행 2022. 2. 11.] [보건복지부령 제863호, 2022. 2. 11., 일부개정]",https://www.law.go.kr/LSW/lsInfoP.do?lsiSeq=240367&efYd=20220211
254697,아동수당법 시행령,"[시행 2023. 9. 14.] [대통령령 제33715호, 2023. 9. 12., 일부개정]",https://www.law.go.kr/LSW/lsInfoP.do?lsiSeq=254697&efYd=20230914
251721,아동수당법,"[시행 2023. 9. 14.] [법률 제19455호, 2023. 6. 13., 일부개정]",https://www.law.go.kr/LSW/lsInfoP.do?lsiSeq=251721&efYd=20230914
126914,아동의 빈곤예방 및 지원 등에 관한 법률 시행규칙( 약칭: 아동빈곤예방법 시행규칙 ),"[시행 2012. 7. 15.] [보건복지부령 제139호, 2012. 7. 13., 제정]",https://www.law.go.kr/LSW/lsInfoP.do?lsiSeq=126914&efYd=20120715
256073,아동의 빈곤예방 및 지원 등에 관한 법률 시행령( 약칭: 아동빈곤예방법 시행령 ),"[시행 2023. 11. 16.] [대통령령 제33858호, 2023. 11. 16., 타법개정]",https://www.law.go.kr/LSW/lsInfoP.do?lsiSeq=256073&efYd=20231116
195200,아동의 빈곤예방 및 지원 등에 관한 법률( 약칭: 아동빈곤예방법 ),"[시행 2017. 7. 26.] [법률 제14839호, 2017. 7. 26., 타법개정]",https://www.law.go.kr/LSW/lsInfoP.do?lsiSeq=195200&efYd=20170726
266293,안마사에 관한 규칙,"[시행 2024. 11. 7.] [보건복지부령 제1068호, 2024. 11. 7., 타법개정]",https://www.law.go.kr/LSW/lsInfoP.do?lsiSeq=266293&efYd=20241107
231525,암관리법 시행규칙,"[시행 2021. 4. 8.] [보건복지부령 제792호, 2021. 4. 8., 일부개정]",https://www.law.go.kr/LSW/lsInfoP.do?lsiSeq=231525&efYd=20210408
264499,암관리법 시행령,"[시행 2024. 7. 30.] [대통령령 제34785호, 2024. 7. 30., 타법개정]",https://www.law.go.kr/LSW/lsInfoP.do?lsiSeq=264499&efYd=20240730
257859,암관리법,"[시행 2025. 1. 3.] [법률 제19896호, 2024. 1. 2., 일부개정]",https://www.law.go.kr/LSW/lsInfoP.do?lsiSeq=257859&efYd=20250103
266061,약사법 시행규칙,"[시행 2025. 1. 1.] [보건복지부령 제1065호, 2024. 10. 18., 일부개정]",https://www.law.go.kr/LSW/lsInfoP.do?lsiSeq=266061&efYd=20250101
265763,약사법 시행령,"[시행 2024. 10. 19.] [대통령령 제34943호, 2024. 10. 16., 일부개정]",https://www.law.go.kr/LSW/lsInfoP.do?lsiSeq=265763&efYd=20241019
267395,약사법,"[시행 2026. 6. 21.] [법률 제20592호, 2024. 12. 20., 일부개정]",https://www.law.go.kr/LSW/lsInfoP.do?lsiSeq=267395&efYd=20260621
264655,어린이ㆍ노인 및 장애인 보호구역의 지정 및 관리에 관한 규칙,"[시행 2024. 7. 31.] [국토교통부령 제1370호, 2024. 7. 31., 일부개정]",https://www.law.go.kr/LSW/lsInfoP.do?lsiSeq=264655&efYd=20240731
271111,위기 임신 및 보호출산 지원과 아동 보호에 관한 특별법 시행규칙( 약칭: 위기임신보호출산법 시행규칙 ),"[시행 2025. 7. 19.] [보건복지부령 제1112호, 2025. 5. 14., 타법개정]",https://www.law.go.kr/LSW/lsInfoP.do?lsiSeq=271111&efYd=20250719
263169,위기 임신 및 보호출산 지원과 아동 보호에 관한 특별법 시행령( 약칭: 위기임신보호출산법 시행령 ),"[시행 2024. 7. 19.] [대통령령 제34579호, 2024. 6. 18., 제정]",https://www.law.go.kr/LSW/lsInfoP.do?lsiSeq=263169&efYd=20240719
255883,위기 임신 및 보호출산 지원과 아동 보호에 관한 특별법( 약칭: 위기임신보호출산법 ),"[시행 2024. 7. 19.] [법률 제19816호, 2023. 10. 31., 제정]",https://www.law.go.kr/LSW/lsInfoP.do?lsiSeq=255883&efYd=20240719
269843,응급의료에 관한 법률 시행규칙( 약칭: 응급의료법 시행규칙 ),"[시행 2025. 3. 11.] [보건복지부령 제1096호, 2025. 3. 11., 타법개정]",https://www.law.go.kr/LSW/lsInfoP.do?lsiSeq=269843&efYd=20250311
272939,응급의료에 관한 법률 시행령( 약칭: 응급의료법 시행령 ),"[시행 2025. 8. 17.] [대통령령 제35682호, 2025. 7. 29., 일부개정]",https://www.law.go.kr/LSW/lsInfoP.do?lsiSeq=272939&efYd=20250817
270371,응급의료에 관한 법률( 약칭: 응급의료법 ),"[시행 2027. 4. 2.] [법률 제20887호, 2025. 4. 1., 일부개정]",https://www.law.go.kr/LSW/lsInfoP.do?lsiSeq=270371&efYd=20270402
267953,의료 해외진출 및 외국인환자 유치 지원에 관한 법률 시행규칙( 약칭: 의료해외진출법 시행규칙 ),"[시행 2024. 12. 31.] [보건복지부령 제1083호, 2024. 12. 31., 타법개정]",https://www.law.go.kr/LSW/lsInfoP.do?lsiSeq=267953&efYd=20241231
263589,의료 해외진출 및 외국인환자 유치 지원에 관한 법률 시행령( 약칭: 의료해외진출법 시행령 ),"[시행 2024. 7. 10.] [대통령령 제34645호, 2024. 7. 2., 일부개정]",https://www.law.go.kr/LSW/lsInfoP.do?lsiSeq=263589&efYd=20240710
258075,의료 해외진출 및 외국인환자 유치 지원에 관한 법률( 약칭: 의료해외진출법 ),"[시행 2024. 7. 10.] [법률 제19959호, 2024. 1. 9., 타법개정]",https://www.law.go.kr/LSW/lsInfoP.do?lsiSeq=258075&efYd=20240710
272549,의료관계 행정처분 규칙,"[시행 2025. 6. 21.] [보건복지부령 제1118호, 2025. 6. 20., 타법개정]",https://www.law.go.kr/LSW/lsInfoP.do?lsiSeq=272549&efYd=20250621
269845,의료급여법 시행규칙,"[시행 2025. 3. 11.] [보건복지부령 제1096호, 2025. 3. 11., 타법개정]",https://www.law.go.kr/LSW/lsInfoP.do?lsiSeq=269845&efYd=20250311
265683,의료급여법 시행령,"[시행 2024. 10. 2.] [대통령령 제34928호, 2024. 10. 2., 일부개정]",https://www.law.go.kr/LSW/lsInfoP.do?lsiSeq=265683&efYd=20241002
252715,의료급여법,"[시행 2025. 7. 19.] [법률 제19555호, 2023. 7. 18., 타법개정]",https://www.law.go.kr/LSW/lsInfoP.do?lsiSeq=252715&efYd=20250719
229257,의료기관 회계기준 규칙,"[시행 2021. 3. 5.] [보건복지부령 제72호, 2021. 2. 1., 일부개정]",https://www.law.go.kr/LSW/lsInfoP.do?lsiSeq=229257&efYd=20210305
269847,의료기관세탁물 관리규칙,"[시행 2025. 3. 11.] [보건복지부령 제1096호, 2025. 3. 11., 타법개정]",https://www.law.go.kr/LSW/lsInfoP.do?lsiSeq=269847&efYd=20250311
269063,의료기기 유통 및 판매질서 유지에 관한 규칙,"[시행 2025. 2. 9.] [보건복지부령 제1088호, 2025. 2. 7., 일부개정]",https://www.law.go.kr/LSW/lsInfoP.do?lsiSeq=269063&efYd=20250209
272851,의료기기법 시행령,"[시행 2025. 8. 1.] [대통령령 제35669호, 2025. 7. 22., 일부개정]",https://www.law.go.kr/LSW/lsInfoP.do?lsiSeq=272851&efYd=20250801
268885,의료기기법,"[시행 2025. 8. 1.] [법률 제20753호, 2025. 1. 31., 일부개정]",https://www.law.go.kr/LSW/lsInfoP.do?lsiSeq=268885&efYd=20250801
217901,의료기기산업 육성 및 혁신의료기기 지원법 시행규칙,"[시행 2020. 5. 4.] [보건복지부령 제723호, 2020. 5. 4., 제정]",https://www.law.go.kr/LSW/lsInfoP.do?lsiSeq=217901&efYd=20200504
217691,의료기기산업 육성 및 혁신의료기기 지원법 시행령,"[시행 2020. 5. 1.] [대통령령 제30641호, 2020. 4. 28., 제정]",https://www.law.go.kr/LSW/lsInfoP.do?lsiSeq=217691&efYd=20200501
258519,의료기기산업 육성 및 혁신의료기기 지원법( 약칭: 의료기기산업법 ),"[시행 2024. 7. 10.] [법률 제19990호, 2024. 1. 9., 타법개정]",https://www.law.go.kr/LSW/lsInfoP.do?lsiSeq=258519&efYd=20240710
266839,의료기사 등에 관한 법률 시행규칙( 약칭: 의료기사법 시행규칙 ),"[시행 2024. 11. 28.] [보건복지부령 제1072호, 2024. 11. 28., 일부개정]",https://www.law.go.kr/LSW/lsInfoP.do?lsiSeq=266839&efYd=20241128
246305,의료기사 등에 관한 법률 시행령( 약칭: 의료기사법 시행령 ),"[시행 2022. 12. 20.] [대통령령 제33112호, 2022. 12. 20., 타법개정]",https://www.law.go.kr/LSW/lsInfoP.do?lsiSeq=246305&efYd=20221220
255811,의료기사 등에 관한 법률( 약칭: 의료기사법 ),"[시행 2024. 11. 1.] [법률 제19817호, 2023. 10. 31., 일부개정]",https://www.law.go.kr/LSW/lsInfoP.do?lsiSeq=255811&efYd=20241101
272423,의료법 시행규칙,"[시행 2025. 6. 21.] [보건복지부령 제1116호, 2025. 6. 20., 일부개정]",https://www.law.go.kr/LSW/lsInfoP.do?lsiSeq=272423&efYd=20250621
272513,의료법 시행령,"[시행 2025. 6. 21.] [대통령령 제35597호, 2025. 6. 20., 타법개정]",https://www.law.go.kr/LSW/lsInfoP.do?lsiSeq=272513&efYd=20250621
259529,의료법,"[시행 2025. 7. 31.] [법률 제20171호, 2024. 1. 30., 타법개정]",https://www.law.go.kr/LSW/lsInfoP.do?lsiSeq=259529&efYd=20250731
270275,의료사고 피해구제 및 의료분쟁 조정 등에 관한 법률 시행규칙( 약칭: 의료분쟁조정법 시행규칙 ),"[시행 2025. 5. 1.] [보건복지부령 제1102호, 2025. 3. 21., 일부개정]",https://www.law.go.kr/LSW/lsInfoP.do?lsiSeq=270275&efYd=20250501
269683,의료사고 피해구제 및 의료분쟁 조정 등에 관한 법률 시행령( 약칭: 의료분쟁조정법 시행령 ),"[시행 2025. 7. 1.] [대통령령 제35375호, 2025. 3. 11., 일부개정]",https://www.law.go.kr/LSW/lsInfoP.do?lsiSeq=269683&efYd=20250701
265473,의료사고 피해구제 및 의료분쟁 조정 등에 관한 법률( 약칭: 의료분쟁조정법 ),"[시행 2025. 6. 21.] [법률 제20445호, 2024. 9. 20., 타법개정]",https://www.law.go.kr/LSW/lsInfoP.do?lsiSeq=265473&efYd=20250621
272545,의료유사업자에 관한 규칙,"[시행 2025. 6. 21.] [보건복지부령 제1118호, 2025. 6. 20., 타법개정]",https://www.law.go.kr/LSW/lsInfoP.do?lsiSeq=272545&efYd=20250621
266465,의사상자 등 예우 및 지원에 관한 법률 시행규칙( 약칭: 의사상자법 시행규칙 ),"[시행 2024. 11. 12.] [보건복지부령 제1070호, 2024. 11. 12., 일부개정]",https://www.law.go.kr/LSW/lsInfoP.do?lsiSeq=266465&efYd=20241112
269123,의사상자 등 예우 및 지원에 관한 법률 시행령( 약칭: 의사상자법 시행령 ),"[시행 2025. 2. 18.] [대통령령 제35270호, 2025. 2. 18., 일부개정]",https://www.law.go.kr/LSW/lsInfoP.do?lsiSeq=269123&efYd=20250218
259215,의사상자 등 예우 및 지원에 관한 법률( 약칭: 의사상자법 ),"[시행 2024. 7. 24.] [법률 제20106호, 2024. 1. 23., 일부개정]",https://www.law.go.kr/LSW/lsInfoP.do?lsiSeq=259215&efYd=20240724
256195,의사의 조건부 면허에 관한 규칙,"[시행 2023. 11. 17.] [보건복지부령 제976호, 2023. 11. 17., 타법개정]",https://www.law.go.kr/LSW/lsInfoP.do?lsiSeq=256195&efYd=20231117
209992,인체조직안전 및 관리 등에 관한 법률 시행규칙( 약칭: 인체조직법 시행규칙 ),"[시행 2019. 7. 16.] [보건복지부령 제660호, 2019. 7. 16., 타법개정]",https://www.law.go.kr/LSW/lsInfoP.do?lsiSeq=209992&efYd=20190716
253945,인체조직안전 및 관리 등에 관한 법률 시행령( 약칭: 인체조직법 시행령 ),"[시행 2023. 8. 16.] [대통령령 제33670호, 2023. 8. 16., 일부개정]",https://www.law.go.kr/LSW/lsInfoP.do?lsiSeq=253945&efYd=20230816
261129,인체조직안전 및 관리 등에 관한 법률( 약칭: 인체조직법 ),"[시행 2024. 3. 19.] [법률 제20381호, 2024. 3. 19., 일부개정]",https://www.law.go.kr/LSW/lsInfoP.do?lsiSeq=261129&efYd=20240319
264055,자살예방 및 생명존중문화 조성을 위한 법률 시행규칙( 약칭: 자살예방법 시행규칙 ),"[시행 2024. 7. 16.] [보건복지부령 제1031호, 2024. 7. 16., 일부개정]",https://www.law.go.kr/LSW/lsInfoP.do?lsiSeq=264055&efYd=20240716
263953,자살예방 및 생명존중문화 조성을 위한 법률 시행령( 약칭: 자살예방법 시행령 ),"[시행 2024. 7. 12.] [대통령령 제34699호, 2024. 7. 11., 일부개정]",https://www.law.go.kr/LSW/lsInfoP.do?lsiSeq=263953&efYd=20240712
252497,자살예방 및 생명존중문화 조성을 위한 법률( 약칭: 자살예방법 ),"[시행 2024. 7. 12.] [법률 제19529호, 2023. 7. 11., 일부개정]",https://www.law.go.kr/LSW/lsInfoP.do?lsiSeq=252497&efYd=20240712
272815,장기등 이식에 관한 법률 시행규칙( 약칭: 장기이식법 시행규칙 ),"[시행 2025. 8. 21.] [보건복지부령 제1121호, 2025. 7. 7., 일부개정]",https://www.law.go.kr/LSW/lsInfoP.do?lsiSeq=272815&efYd=20250821
271159,장기등 이식에 관한 법률 시행령( 약칭: 장기이식법 시행령 ),"[시행 2025. 6. 14.] [대통령령 제35528호, 2025. 5. 20., 일부개정]",https://www.law.go.kr/LSW/lsInfoP.do?lsiSeq=271159&efYd=20250614
260589,장기등 이식에 관한 법률( 약칭: 장기이식법 ),"[시행 2025. 8. 21.] [법률 제20329호, 2024. 2. 20., 일부개정]",https://www.law.go.kr/LSW/lsInfoP.do?lsiSeq=260589&efYd=20250821
235847,장기요양기관 재무ㆍ회계 규칙,"[시행 2021. 9. 30.] [보건복지부령 제832호, 2021. 9. 30., 일부개정]",https://www.law.go.kr/LSW/lsInfoP.do?lsiSeq=235847&efYd=20210930
269853,장사 등에 관한 법률 시행규칙( 약칭: 장사법 시행규칙 ),"[시행 2025. 3. 11.] [보건복지부령 제1096호, 2025. 3. 11., 타법개정]",https://www.law.go.kr/LSW/lsInfoP.do?lsiSeq=269853&efYd=20250311
268323,장사 등에 관한 법률 시행령( 약칭: 장사법 시행령 ),"[시행 2025. 1. 24.] [대통령령 제35215호, 2025. 1. 21., 일부개정]",https://www.law.go.kr/LSW/lsInfoP.do?lsiSeq=268323&efYd=20250124
259173,장사 등에 관한 법률( 약칭: 장사법 ),"[시행 2025. 1. 24.] [법률 제20110호, 2024. 1. 23., 일부개정]",https://www.law.go.kr/LSW/lsInfoP.do?lsiSeq=259173&efYd=20250124
237461,장애물 없는 생활환경 인증에 관한 규칙,"[시행 2021. 12. 4.] [보건복지부령 제839호, 2021. 12. 3., 일부개정]",https://www.law.go.kr/LSW/lsInfoP.do?lsiSeq=237461&efYd=20211204
265673,장애아동 복지지원법 시행규칙,"[시행 2024. 9. 27.] [보건복지부령 제1058호, 2024. 9. 27., 일부개정]",https://www.law.go.kr/LSW/lsInfoP.do?lsiSeq=265673&efYd=20240927
266527,장애아동 복지지원법 시행령,"[시행 2024. 11. 26.] [대통령령 제35008호, 2024. 11. 26., 일부개정]",https://www.law.go.kr/LSW/lsInfoP.do?lsiSeq=266527&efYd=20241126
267353,장애아동 복지지원법( 약칭: 장애아동복지법 ),"[시행 2025. 12. 21.] [법률 제20564호, 2024. 12. 20., 일부개정]",https://www.law.go.kr/LSW/lsInfoP.do?lsiSeq=267353&efYd=20251221
256411,장애인 건강권 및 의료접근성 보장에 관한 법률 시행규칙( 약칭: 장애인건강권법 시행규칙 ),"[시행 2023. 12. 1.] [보건복지부령 제978호, 2023. 12. 1., 일부개정]",https://www.law.go.kr/LSW/lsInfoP.do?lsiSeq=256411&efYd=20231201
256349,장애인 건강권 및 의료접근성 보장에 관한 법률 시행령( 약칭: 장애인건강권법 시행령 ),"[시행 2023. 12. 14.] [대통령령 제33891호, 2023. 11. 28., 일부개정]",https://www.law.go.kr/LSW/lsInfoP.do?lsiSeq=256349&efYd=20231214
270413,장애인 건강권 및 의료접근성 보장에 관한 법률( 약칭: 장애인건강권법 ),"[시행 2025. 10. 2.] [법률 제20889호, 2025. 4. 1., 일부개정]",https://www.law.go.kr/LSW/lsInfoP.do?lsiSeq=270413&efYd=20251002
263109,장애인ㆍ노인 등을 위한 보조기기 지원 및 활용촉진에 관한 법률 시행규칙( 약칭: 장애인보조기기법 시행규칙 ),"[시행 2024. 5. 31.] [보건복지부령 제1016호, 2024. 5. 31., 타법개정]",https://www.law.go.kr/LSW/lsInfoP.do?lsiSeq=263109&efYd=20240531
205871,장애인ㆍ노인 등을 위한 보조기기 지원 및 활용촉진에 관한 법률 시행령( 약칭: 장애인보조기기법 시행령 ),"[시행 2018. 12. 30.] [대통령령 제29384호, 2018. 12. 18., 일부개정]",https://www.law.go.kr/LSW/lsInfoP.do?lsiSeq=205871&efYd=20181230
265917,장애인ㆍ노인 등을 위한 보조기기 지원 및 활용촉진에 관한 법률( 약칭: 장애인보조기기법 ),"[시행 2024. 10. 22.] [법률 제20511호, 2024. 10. 22., 타법개정]",https://www.law.go.kr/LSW/lsInfoP.do?lsiSeq=265917&efYd=20241022
256845,장애인ㆍ노인ㆍ임산부 등의 편의증진 보장에 관한 법률 시행규칙( 약칭: 장애인등편의법 시행규칙 ),"[시행 2023. 12. 11.] [보건복지부령 제983호, 2023. 12. 11., 일부개정]",https://www.law.go.kr/LSW/lsInfoP.do?lsiSeq=256845&efYd=20231211
265281,장애인ㆍ노인ㆍ임산부 등의 편의증진 보장에 관한 법률 시행령( 약칭: 장애인등편의법 시행령 ),"[시행 2025. 3. 20.] [대통령령 제34892호, 2024. 9. 19., 일부개정]",https://www.law.go.kr/LSW/lsInfoP.do?lsiSeq=265281&efYd=20250320
267429,장애인ㆍ노인ㆍ임산부 등의 편의증진 보장에 관한 법률( 약칭: 장애인등편의법 ),"[시행 2025. 12. 21.] [법률 제20594호, 2024. 12. 20., 일부개정]",https://www.law.go.kr/LSW/lsInfoP.do?lsiSeq=267429&efYd=20251221
272673,장애인복지법 시행규칙,"[시행 2025. 7. 3.] [보건복지부령 제1120호, 2025. 7. 1., 일부개정]",https://www.law.go.kr/LSW/lsInfoP.do?lsiSeq=272673&efYd=20250703
270523,장애인복지법 시행령,"[시행 2025. 4. 23.] [대통령령 제35434호, 2025. 4. 8., 일부개정]",https://www.law.go.kr/LSW/lsInfoP.do?lsiSeq=270523&efYd=20250423
257767,장애인복지법,"[시행 2025. 7. 3.] [법률 제19901호, 2024. 1. 2., 일부개정]",https://www.law.go.kr/LSW/lsInfoP.do?lsiSeq=257767&efYd=20250703
271113,장애인연금법 시행규칙,"[시행 2025. 7. 19.] [보건복지부령 제1112호, 2025. 5. 14., 타법개정]",https://www.law.go.kr/LSW/lsInfoP.do?lsiSeq=271113&efYd=20250719
258985,장애인연금법 시행령,"[시행 2024. 1. 18.] [대통령령 제34155호, 2024. 1. 18., 일부개정]",https://www.law.go.kr/LSW/lsInfoP.do?lsiSeq=258985&efYd=20240118
232649,장애인연금법,"[시행 2022. 1. 1.] [법률 제18221호, 2021. 6. 8., 일부개정]",https://www.law.go.kr/LSW/lsInfoP.do?lsiSeq=232649&efYd=20220101
269967,장애인의 지역사회 자립 및 주거 전환 지원에 관한 법률( 약칭: 장애인지역사회자립법 ),"[시행 2027. 3. 19.] [법률 제20818호, 2025. 3. 18., 제정]",https://www.law.go.kr/LSW/lsInfoP.do?lsiSeq=269967&efYd=20270319
273475,장애인차별금지 및 권리구제 등에 관한 법률 시행령( 약칭: 장애인차별금지법 시행령 ),"[시행 2025. 8. 28.] [대통령령 제35716호, 2025. 8. 26., 타법개정]",https://www.law.go.kr/LSW/lsInfoP.do?lsiSeq=273475&efYd=20250828
269933,장애인차별금지 및 권리구제 등에 관한 법률( 약칭: 장애인차별금지법 ),"[시행 2025. 9. 19.] [법률 제20819호, 2025. 3. 18., 일부개정]",https://www.law.go.kr/LSW/lsInfoP.do?lsiSeq=269933&efYd=20250919
264797,장애인활동 지원에 관한 법률 시행규칙( 약칭: 장애인활동법 시행규칙 ),"[시행 2024. 8. 7.] [보건복지부령 제1047호, 2024. 8. 7., 일부개정]",https://www.law.go.kr/LSW/lsInfoP.do?lsiSeq=264797&efYd=20240807
272519,장애인활동 지원에 관한 법률 시행령( 약칭: 장애인활동법 시행령 ),"[시행 2025. 6. 21.] [대통령령 제35597호, 2025. 6. 20., 타법개정]",https://www.law.go.kr/LSW/lsInfoP.do?lsiSeq=272519&efYd=20250621
267431,장애인활동 지원에 관한 법률( 약칭: 장애인활동법 ),"[시행 2024. 12. 20.] [법률 제20595호, 2024. 12. 20., 일부개정]",https://www.law.go.kr/LSW/lsInfoP.do?lsiSeq=267431&efYd=20241220
264525,재난적의료비 지원에 관한 법률 시행규칙( 약칭: 재난적의료비지원법 시행규칙 ),"[시행 2024. 7. 30.] [보건복지부령 제1040호, 2024. 7. 30., 일부개정]",https://www.law.go.kr/LSW/lsInfoP.do?lsiSeq=264525&efYd=20240730
271009,재난적의료비 지원에 관한 법률 시행령( 약칭: 재난적의료비지원법 시행령 ),"[시행 2025. 7. 19.] [대통령령 제35498호, 2025. 5. 7., 타법개정]",https://www.law.go.kr/LSW/lsInfoP.do?lsiSeq=271009&efYd=20250719
249317,재난적의료비 지원에 관한 법률( 약칭: 재난적의료비지원법 ),"[시행 2023. 9. 29.] [법률 제19304호, 2023. 3. 28., 일부개정]",https://www.law.go.kr/LSW/lsInfoP.do?lsiSeq=249317&efYd=20230929
241703,저출산ㆍ고령사회 기본법 시행규칙,"[시행 2022. 4. 1.] [보건복지부령 제877호, 2022. 4. 1., 제정]",https://www.law.go.kr/LSW/lsInfoP.do?lsiSeq=241703&efYd=20220401
261355,저출산ㆍ고령사회기본법 시행령,"[시행 2025. 1. 1.] [대통령령 제34359호, 2024. 3. 26., 일부개정]",https://www.law.go.kr/LSW/lsInfoP.do?lsiSeq=261355&efYd=20250101
259255,저출산ㆍ고령사회기본법,"[시행 2024. 4. 24.] [법률 제20112호, 2024. 1. 23., 일부개정]",https://www.law.go.kr/LSW/lsInfoP.do?lsiSeq=259255&efYd=20240424
266425,전공의의 수련환경 개선 및 지위 향상을 위한 법률 시행규칙( 약칭: 전공의법 시행규칙 ),"[시행 2024. 11. 7.] [보건복지부령 제1068호, 2024. 11. 7., 타법개정]",https://www.law.go.kr/LSW/lsInfoP.do?lsiSeq=266425&efYd=20241107
265707,전공의의 수련환경 개선 및 지위 향상을 위한 법률 시행령( 약칭: 전공의법 시행령 ),"[시행 2024. 10. 8.] [대통령령 제34938호, 2024. 10. 8., 일부개정]",https://www.law.go.kr/LSW/lsInfoP.do?lsiSeq=265707&efYd=20241008
260571,전공의의 수련환경 개선 및 지위 향상을 위한 법률( 약칭: 전공의법 ),"[시행 2026. 2. 21.] [법률 제20330호, 2024. 2. 20., 일부개정]",https://www.law.go.kr/LSW/lsInfoP.do?lsiSeq=260571&efYd=20260221
272551,전문간호사 자격인정 등에 관한 규칙,"[시행 2025. 6. 21.] [보건복지부령 제1118호, 2025. 6. 20., 타법개정]",https://www.law.go.kr/LSW/lsInfoP.do?lsiSeq=272551&efYd=20250621
266429,전문병원의 지정 및 평가 등에 관한 규칙,"[시행 2024. 11. 7.] [보건복지부령 제1068호, 2024. 11. 7., 타법개정]",https://www.law.go.kr/LSW/lsInfoP.do?lsiSeq=266429&efYd=20241107
249471,전문약사의 자격 인정 등에 관한 규정,"[시행 2023. 4. 8.] [대통령령 제33372호, 2023. 4. 4., 제정]",https://www.law.go.kr/LSW/lsInfoP.do?lsiSeq=249471&efYd=20230408
252857,전문약사의 자격 인정 등에 관한 규칙,"[시행 2023. 7. 17.] [보건복지부령 제952호, 2023. 7. 17., 제정]",https://www.law.go.kr/LSW/lsInfoP.do?lsiSeq=252857&efYd=20230717
265119,전문의의 수련 및 자격 인정 등에 관한 규정 시행규칙,"[시행 2024. 8. 30.] [보건복지부령 제1052호, 2024. 8. 30., 일부개정]",https://www.law.go.kr/LSW/lsInfoP.do?lsiSeq=265119&efYd=20240830
265045,전문의의 수련 및 자격 인정 등에 관한 규정( 약칭: 전문의수련규정 ),"[시행 2024. 8. 30.] [대통령령 제34868호, 2024. 8. 30., 일부개정]",https://www.law.go.kr/LSW/lsInfoP.do?lsiSeq=265045&efYd=20240830
269867,정신건강증진 및 정신질환자 복지서비스 지원에 관한 법률 시행규칙( 약칭: 정신건강복지법 시행규칙 ),"[시행 2025. 3. 11.] [보건복지부령 제1097호, 2025. 3. 11., 타법개정]",https://www.law.go.kr/LSW/lsInfoP.do?lsiSeq=269867&efYd=20250311
272521,정신건강증진 및 정신질환자 복지서비스 지원에 관한 법률 시행령( 약칭: 정신건강복지법 시행령 ),"[시행 2025. 6. 21.] [대통령령 제35597호, 2025. 6. 20., 타법개정]",https://www.law.go.kr/LSW/lsInfoP.do?lsiSeq=272521&efYd=20250621
265923,정신건강증진 및 정신질환자 복지서비스 지원에 관한 법률( 약칭: 정신건강복지법 ),"[시행 2024. 10. 22.] [법률 제20511호, 2024. 10. 22., 타법개정]",https://www.law.go.kr/LSW/lsInfoP.do?lsiSeq=265923&efYd=20241022
265795,제대혈 관리 및 연구에 관한 법률 시행규칙( 약칭: 제대혈법 시행규칙 ),"[시행 2024. 10. 14.] [보건복지부령 제1064호, 2024. 10. 14., 일부개정]",https://www.law.go.kr/LSW/lsInfoP.do?lsiSeq=265795&efYd=20241014
273329,제대혈 관리 및 연구에 관한 법률 시행령( 약칭: 제대혈법 시행령 ),"[시행 2025. 8. 19.] [대통령령 제35710호, 2025. 8. 19., 일부개정]",https://www.law.go.kr/LSW/lsInfoP.do?lsiSeq=273329&efYd=20250819
258097,제대혈 관리 및 연구에 관한 법률( 약칭: 제대혈법 ),"[시행 2024. 7. 10.] [법률 제19958호, 2024. 1. 9., 타법개정]",https://www.law.go.kr/LSW/lsInfoP.do?lsiSeq=258097&efYd=20240710
208892,제약산업 육성 및 지원에 관한 특별법 시행규칙( 약칭: 제약산업법 시행규칙 ),"[시행 2019. 6. 12.] [보건복지부령 제640호, 2019. 6. 12., 일부개정]",https://www.law.go.kr/LSW/lsInfoP.do?lsiSeq=208892&efYd=20190612
246915,제약산업 육성 및 지원에 관한 특별법 시행령( 약칭: 제약산업법 시행령 ),"[시행 2022. 12. 27.] [대통령령 제33129호, 2022. 12. 27., 일부개정]",https://www.law.go.kr/LSW/lsInfoP.do?lsiSeq=246915&efYd=20221227
258527,제약산업 육성 및 지원에 관한 특별법( 약칭: 제약산업법 ),"[시행 2024. 7. 10.] [법률 제19990호, 2024. 1. 9., 타법개정]",https://www.law.go.kr/LSW/lsInfoP.do?lsiSeq=258527&efYd=20240710
218455,중증장애인생산품 우선구매 특별법 시행규칙,"[시행 2020. 5. 27.] [보건복지부령 제726호, 2020. 5. 27., 일부개정]",https://www.law.go.kr/LSW/lsInfoP.do?lsiSeq=218455&efYd=20200527
263903,중증장애인생산품 우선구매 특별법 시행령( 약칭: 중증장애인생산품법 시행령 ),"[시행 2024. 8. 7.] [대통령령 제34685호, 2024. 7. 9., 일부개정]",https://www.law.go.kr/LSW/lsInfoP.do?lsiSeq=263903&efYd=20240807
259847,중증장애인생산품 우선구매 특별법( 약칭: 중증장애인생산품법 ),"[시행 2024. 8. 7.] [법률 제20223호, 2024. 2. 6., 일부개정]",https://www.law.go.kr/LSW/lsInfoP.do?lsiSeq=259847&efYd=20240807
173522,지방의료원의 설립 및 운영에 관한 법률 시행규칙( 약칭: 지방의료원법 시행규칙 ),"[시행 2015. 7. 29.] [보건복지부령 제340호, 2015. 7. 28., 일부개정]",https://www.law.go.kr/LSW/lsInfoP.do?lsiSeq=173522&efYd=20150729
268419,지방의료원의 설립 및 운영에 관한 법률 시행령( 약칭: 지방의료원법 시행령 ),"[시행 2025. 1. 31.] [대통령령 제35228호, 2025. 1. 21., 타법개정]",https://www.law.go.kr/LSW/lsInfoP.do?lsiSeq=268419&efYd=20250131
228601,지방의료원의 설립 및 운영에 관한 법률( 약칭: 지방의료원법 ),"[시행 2022. 1. 13.] [법률 제17893호, 2021. 1. 12., 타법개정]",https://www.law.go.kr/LSW/lsInfoP.do?lsiSeq=228601&efYd=20220113
272553,지역보건법 시행규칙,"[시행 2025. 6. 21.] [보건복지부령 제1118호, 2025. 6. 20., 타법개정]",https://www.law.go.kr/LSW/lsInfoP.do?lsiSeq=272553&efYd=20250621
263585,지역보건법 시행령,"[시행 2024. 7. 3.] [대통령령 제34643호, 2024. 7. 2., 일부개정]",https://www.law.go.kr/LSW/lsInfoP.do?lsiSeq=263585&efYd=20240703
265479,지역보건법,"[시행 2025. 6. 21.] [법률 제20445호, 2024. 9. 20., 타법개정]",https://www.law.go.kr/LSW/lsInfoP.do?lsiSeq=265479&efYd=20250621
272877,진단용 방사선 발생장치의 안전관리에 관한 규칙,"[시행 2025. 7. 18.] [보건복지부령 제1122호, 2025. 7. 18., 일부개정]",https://www.law.go.kr/LSW/lsInfoP.do?lsiSeq=272877&efYd=20250718
150615,천연물신약 연구개발 촉진법 시행령( 약칭: 천연물신약개발법 시행령 ),"[시행 2014. 1. 31.] [대통령령 제25124호, 2014. 1. 28., 전부개정]",https://www.law.go.kr/LSW/lsInfoP.do?lsiSeq=150615&efYd=20140131
206699,천연물신약 연구개발 촉진법( 약칭: 천연물신약개발법 ),"[시행 2019. 1. 15.] [법률 제16263호, 2019. 1. 15., 일부개정]",https://www.law.go.kr/LSW/lsInfoP.do?lsiSeq=206699&efYd=20190115
262601,첨단의료복합단지 육성에 관한 특별법 시행규칙( 약칭: 첨단의료단지법 시행규칙 ),"[시행 2024. 5. 7.] [보건복지부령 제1011호, 2024. 5. 7., 일부개정]",https://www.law.go.kr/LSW/lsInfoP.do?lsiSeq=262601&efYd=20240507
263593,첨단의료복합단지 육성에 관한 특별법 시행령( 약칭: 첨단의료단지법 시행령 ),"[시행 2024. 7. 10.] [대통령령 제34647호, 2024. 7. 2., 일부개정]",https://www.law.go.kr/LSW/lsInfoP.do?lsiSeq=263593&efYd=20240710
258077,첨단의료복합단지 육성에 관한 특별법( 약칭: 첨단의료단지법 ),"[시행 2024. 7. 10.] [법률 제19959호, 2024. 1. 9., 타법개정]",https://www.law.go.kr/LSW/lsInfoP.do?lsiSeq=258077&efYd=20240710
269125,첨단재생의료 및 첨단바이오의약품 안전 및 지원에 관한 법률 시행령( 약칭: 첨단재생바이오법 시행령 ),"[시행 2025. 2. 21.] [대통령령 제35271호, 2025. 2. 18., 일부개정]",https://www.law.go.kr/LSW/lsInfoP.do?lsiSeq=269125&efYd=20250221
260591,첨단재생의료 및 첨단바이오의약품 안전 및 지원에 관한 법률( 약칭: 첨단재생바이오법 ),"[시행 2025. 2. 21.] [법률 제20331호, 2024. 2. 20., 일부개정]",https://www.law.go.kr/LSW/lsInfoP.do?lsiSeq=260591&efYd=20250221
269367,첨단재생의료 안전 및 지원에 관한 규칙,"[시행 2025. 2. 21.] [보건복지부령 제1090호, 2025. 2. 21., 일부개정]",https://www.law.go.kr/LSW/lsInfoP.do?lsiSeq=269367&efYd=20250221
269855,치과의사전문의의 수련 및 자격 인정 등에 관한 규정 시행규칙,"[시행 2025. 3. 11.] [보건복지부령 제1096호, 2025. 3. 11., 타법개정]",https://www.law.go.kr/LSW/lsInfoP.do?lsiSeq=269855&efYd=20250311
208653,치과의사전문의의 수련 및 자격 인정 등에 관한 규정( 약칭: 치과의사전문의수련규정 ),"[시행 2019. 11. 8.] [대통령령 제29749호, 2019. 5. 7., 일부개정]",https://www.law.go.kr/LSW/lsInfoP.do?lsiSeq=208653&efYd=20191108
263325,치매관리법 시행규칙,"[시행 2024. 7. 3.] [보건복지부령 제1020호, 2024. 6. 20., 일부개정]",https://www.law.go.kr/LSW/lsInfoP.do?lsiSeq=263325&efYd=20240703
255029,치매관리법 시행령,"[시행 2023. 9. 29.] [대통령령 제33756호, 2023. 9. 26., 일부개정]",https://www.law.go.kr/LSW/lsInfoP.do?lsiSeq=255029&efYd=20230929
257869,치매관리법,"[시행 2024. 7. 3.] [법률 제19904호, 2024. 1. 2., 일부개정]",https://www.law.go.kr/LSW/lsInfoP.do?lsiSeq=257869&efYd=20240703
267745,특수의료장비의 설치 및 운영에 관한 규칙,"[시행 2024. 12. 27.] [보건복지부령 제1077호, 2024. 12. 27., 일부개정]",https://www.law.go.kr/LSW/lsInfoP.do?lsiSeq=267745&efYd=20241227
204532,한국국제보건의료재단법 시행령,"[시행 2018. 9. 21.] [대통령령 제29163호, 2018. 9. 18., 타법개정]",https://www.law.go.kr/LSW/lsInfoP.do?lsiSeq=204532&efYd=20180921
254857,한국국제보건의료재단법,"[시행 2023. 9. 14.] [법률 제19717호, 2023. 9. 14., 일부개정]",https://www.law.go.kr/LSW/lsInfoP.do?lsiSeq=254857&efYd=20230914
239967,한국보건복지인재원법 시행령,"[시행 2022. 1. 28.] [대통령령 제32373호, 2022. 1. 28., 일부개정]",https://www.law.go.kr/LSW/lsInfoP.do?lsiSeq=239967&efYd=20220128
234267,한국보건복지인재원법,"[시행 2022. 1. 28.] [법률 제18336호, 2021. 7. 27., 일부개정]",https://www.law.go.kr/LSW/lsInfoP.do?lsiSeq=234267&efYd=20220128
209795,한국보건산업진흥원법 시행령,"[시행 2019. 7. 2.] [대통령령 제29950호, 2019. 7. 2., 타법개정]",https://www.law.go.kr/LSW/lsInfoP.do?lsiSeq=209795&efYd=20190702
197526,한국보건산업진흥원법,"[시행 2017. 9. 19.] [법률 제14898호, 2017. 9. 19., 일부개정]",https://www.law.go.kr/LSW/lsInfoP.do?lsiSeq=197526&efYd=20170919
205115,한국보건의료인국가시험원법 시행령,"[시행 2018. 11. 1.] [대통령령 제29269호, 2018. 10. 30., 타법개정]",https://www.law.go.kr/LSW/lsInfoP.do?lsiSeq=205115&efYd=20181101
198574,한국보건의료인국가시험원법,"[시행 2018. 11. 1.] [법률 제15022호, 2017. 10. 31., 타법개정]",https://www.law.go.kr/LSW/lsInfoP.do?lsiSeq=198574&efYd=20181101
263905,한국인 원자폭탄 피해자 지원을 위한 특별법 시행령( 약칭: 원폭피해자법 시행령 ),"[시행 2024. 7. 10.] [대통령령 제34686호, 2024. 7. 9., 일부개정]",https://www.law.go.kr/LSW/lsInfoP.do?lsiSeq=263905&efYd=20240710
258101,한국인 원자폭탄 피해자 지원을 위한 특별법( 약칭: 원폭피해자법 ),"[시행 2024. 7. 10.] [법률 제19958호, 2024. 1. 9., 타법개정]",https://www.law.go.kr/LSW/lsInfoP.do?lsiSeq=258101&efYd=20240710
228463,한센인피해사건의 진상규명 및 피해자 지원 등에 관한 법률 시행규칙( 약칭: 한센인사건법 시행규칙 ),"[시행 2021. 1. 7.] [보건복지부령 제778호, 2021. 1. 7., 타법개정]",https://www.law.go.kr/LSW/lsInfoP.do?lsiSeq=228463&efYd=20210107
208682,한센인피해사건의 진상규명 및 피해자 지원 등에 관한 법률 시행령( 약칭: 한센인사건법 시행령 ),"[시행 2019. 7. 16.] [대통령령 제29760호, 2019. 5. 14., 일부개정]",https://www.law.go.kr/LSW/lsInfoP.do?lsiSeq=208682&efYd=20190716
206701,한센인피해사건의 진상규명 및 피해자 지원 등에 관한 법률( 약칭: 한센인사건법 ),"[시행 2019. 7. 16.] [법률 제16265호, 2019. 1. 15., 일부개정]",https://www.law.go.kr/LSW/lsInfoP.do?lsiSeq=206701&efYd=20190716
269857,한의사전문의의 수련 및 자격 인정 등에 관한 규정 시행규칙,"[시행 2025. 3. 11.] [보건복지부령 제1096호, 2025. 3. 11., 타법개정]",https://www.law.go.kr/LSW/lsInfoP.do?lsiSeq=269857&efYd=20250311
258801,한의사전문의의 수련 및 자격 인정 등에 관한 규정( 약칭: 한의사전문의수련규정 ),"[시행 2024. 1. 16.] [대통령령 제34146호, 2024. 1. 16., 일부개정]",https://www.law.go.kr/LSW/lsInfoP.do?lsiSeq=258801&efYd=20240116
215255,한의약 육성법 시행령,"[시행 2020. 3. 3.] [대통령령 제30509호, 2020. 3. 3., 타법개정]",https://www.law.go.kr/LSW/lsInfoP.do?lsiSeq=215255&efYd=20200303
259851,한의약 육성법,"[시행 2024. 8. 7.] [법률 제20225호, 2024. 2. 6., 일부개정]",https://www.law.go.kr/LSW/lsInfoP.do?lsiSeq=259851&efYd=20240807
265793,혈액관리법 시행규칙,"[시행 2024. 10. 14.] [보건복지부령 제1063호, 2024. 10. 14., 일부개정]",https://www.law.go.kr/LSW/lsInfoP.do?lsiSeq=265793&efYd=20241014
250701,혈액관리법 시행령,"[시행 2023. 6. 22.] [대통령령 제33454호, 2023. 5. 9., 일부개정]",https://www.law.go.kr/LSW/lsInfoP.do?lsiSeq=250701&efYd=20230622
238113,혈액관리법,"[시행 2023. 6. 22.] [법률 제18626호, 2021. 12. 21., 일부개정]",https://www.law.go.kr/LSW/lsInfoP.do?lsiSeq=238113&efYd=20230622
263237,호스피스ㆍ완화의료 및 임종과정에 있는 환자의 연명의료결정에 관한 법률 시행규칙( 약칭: 연명의료결정법 시행규칙 ),"[시행 2024. 6. 14.] [보건복지부령 제1018호, 2024. 6. 14., 일부개정]",https://www.law.go.kr/LSW/lsInfoP.do?lsiSeq=263237&efYd=20240614
246333,호스피스ㆍ완화의료 및 임종과정에 있는 환자의 연명의료결정에 관한 법률 시행령( 약칭: 연명의료결정법 시행령 ),"[시행 2022. 12. 20.] [대통령령 제33112호, 2022. 12. 20., 타법개정]",https://www.law.go.kr/LSW/lsInfoP.do?lsiSeq=246333&efYd=20221220
270417,호스피스ㆍ완화의료 및 임종과정에 있는 환자의 연명의료결정에 관한 법률( 약칭: 연명의료결정법 ),"[시행 2025. 10. 2.] [법률 제20891호, 2025. 4. 1., 일부개정]",https://www.law.go.kr/LSW/lsInfoP.do?lsiSeq=270417&efYd=20251002
266435,환자안전법 시행규칙,"[시행 2024. 11. 7.] [보건복지부령 제1068호, 2024. 11. 7., 타법개정]",https://www.law.go.kr/LSW/lsInfoP.do?lsiSeq=266435&efYd=20241107
246337,환자안전법 시행령,"[시행 2022. 12. 20.] [대통령령 제33112호, 2022. 12. 20., 타법개정]",https://www.law.go.kr/LSW/lsInfoP.do?lsiSeq=246337&efYd=20221220
265481,환자안전법,"[시행 2025. 6. 21.] [법률 제20445호, 2024. 9. 20., 타법개정]",https://www.law.go.kr/LSW/lsInfoP.do?lsiSeq=265481&efYd=20250621
203336,효행 장려 및 지원에 관한 법률 시행규칙( 약칭: 효행장려법 시행규칙 ),"[시행 2018. 4. 24.] [보건복지부령 제568호, 2018. 4. 24., 일부개정]",https://www.law.go.kr/LSW/lsInfoP.do?lsiSeq=203336&efYd=20180424
203319,효행 장려 및 지원에 관한 법률 시행령( 약칭: 효행장려법 시행령 ),"[시행 2018. 4. 24.] [대통령령 제28825호, 2018. 4. 24., 일부개정]",https://www.law.go.kr/LSW/lsInfoP.do?lsiSeq=203319&efYd=20180424
199536,효행 장려 및 지원에 관한 법률( 약칭: 효행장려법 ),"[시행 2017. 12. 12.] [법률 제15190호, 2017. 12. 12., 일부개정]",https://www.law.go.kr/LSW/lsInfoP.do?lsiSeq=199536&efYd=20171212
266101,희귀질환관리법 시행규칙,"[시행 2024. 10. 22.] [보건복지부령 제1066호, 2024. 10. 22., 일부개정]",https://www.law.go.kr/LSW/lsInfoP.do?lsiSeq=266101&efYd=20241022
270949,희귀질환관리법 시행령,"[시행 2025. 6. 4.] [대통령령 제35481호, 2025. 4. 29., 일부개정]",https://www.law.go.kr/LSW/lsInfoP.do?lsiSeq=270949&efYd=20250604
266647,희귀질환관리법,"[시행 2025. 6. 4.] [법률 제20547호, 2024. 12. 3., 일부개정]",https://www.law.go.kr/LSW/lsInfoP.do?lsiSeq=266647&efYd=20250604
